id,category_alias,category_title,restaurant_id,restaurant_name,restaurant_price,restaurant_review_count,restaurant_rating,restaurant_phone,restaurant_distance,restaurant_coordinates_latitude,restaurant_coordinates_longitude,restaurant_location_city,restaurant_location_zip_code,restaurant_location_address1
0,german,German,8uBE9ZgfZOM2z_Rllw478Q,Stadtklause,€,172,4.5,+493051056381,2205.244050414826,52.504779,13.380618,Berlin,10963,Bernburger Str. 35
1,modern_european,Modern European,6BCLgz8j6j2em7XLLsXoow,Lorenz Adlon Esszimmer,€€€€,67,5.0,+493022611960,969.3816096240975,52.516109,13.380014,Berlin,10117,Unter den Linden 77
2,burgers,Burgers,yAhYpg2GGeEUV2Li7HOp8g,Momotaro Tavern,€€,57,4.5,+4915203708888,2315.5159976568266,52.521213,13.4096765920655,Berlin,10178,Panoramastr. 1 A
3,asianfusion,Asian Fusion,yAhYpg2GGeEUV2Li7HOp8g,Momotaro Tavern,€€,57,4.5,+4915203708888,2315.5159976568266,52.521213,13.4096765920655,Berlin,10178,Panoramastr. 1 A
4,ramen,Ramen,jIddBhydYQEOECaa199Hag,Cocolo Ramen,€€,293,4.0,+493098339073,1612.2813770372095,52.52718,13.39934,Berlin,10119,Gipsstr. 3
5,arabian,Arabian,zoV7ywdHBys01E2ndtzZ3Q,Cana Restaurant,€€,49,4.5,+493024083280,2610.3392219279554,52.5122795127759,13.4088950945122,Berlin,10179,Neue Roßstr. 11 - 12
6,international,International,UzXq4QuasWnooTzHQlsMJg,Muse,€€,60,4.5,+493040056289,3352.0209794086654,52.53299,13.42322,Berlin,10405,Immanuelkirchstr. 31
7,sandwiches,Sandwiches,UzXq4QuasWnooTzHQlsMJg,Muse,€€,60,4.5,+493040056289,3352.0209794086654,52.53299,13.42322,Berlin,10405,Immanuelkirchstr. 31
8,burgers,Burgers,UzXq4QuasWnooTzHQlsMJg,Muse,€€,60,4.5,+493040056289,3352.0209794086654,52.53299,13.42322,Berlin,10405,Immanuelkirchstr. 31
9,indpak,Indian,1EQUHShNgesuKm-5LEfaeg,AmmAmma,€,138,4.5,+493074073516,4357.7835202157885,52.49198,13.41188,Berlin,10967,Urbanstr. 28 a
10,chocolate,Chocolatiers & Shops,MqiobbxpvGTciQk75G9u2w,Rausch Schokoladenhaus,€€,309,4.5,+4930757880,1719.063263067461,52.51199,13.3913499,Berlin,10117,Charlottenstr. 60
11,cafes,Cafes,MqiobbxpvGTciQk75G9u2w,Rausch Schokoladenhaus,€€,309,4.5,+4930757880,1719.063263067461,52.51199,13.3913499,Berlin,10117,Charlottenstr. 60
12,breakfast_brunch,Breakfast & Brunch,_n0Awcf8FFjXBJaCgXXROw,Café Bondi,€€,109,4.5,,1035.2026097377952,52.53034261696,13.38763160899,Berlin,10115,Eichendorffstr. 6
13,cafes,Cafes,_n0Awcf8FFjXBJaCgXXROw,Café Bondi,€€,109,4.5,,1035.2026097377952,52.53034261696,13.38763160899,Berlin,10115,Eichendorffstr. 6
14,breakfast_brunch,Breakfast & Brunch,Eobze0Xon9szj_2nj7BrUQ,FACTORY GIRL,€€,262,4.0,+493045950405,1588.9623906143374,52.527302,13.398852,Berlin,10119,Auguststr. 29 C
15,cafes,Cafes,Eobze0Xon9szj_2nj7BrUQ,FACTORY GIRL,€€,262,4.0,+493045950405,1588.9623906143374,52.527302,13.398852,Berlin,10119,Auguststr. 29 C
16,desserts,Desserts,Eobze0Xon9szj_2nj7BrUQ,FACTORY GIRL,€€,262,4.0,+493045950405,1588.9623906143374,52.527302,13.398852,Berlin,10119,Auguststr. 29 C
17,israeli,Israeli,ZTdPX0iOUSjHU3_2jRrYeQ,JOSEPH,,5,4.0,+4930314950700,818.1424669456077,52.525941,13.387679,Berlin,10117,Friedrichstr. 113
18,german,German,dXiRPNAnhCMOykD53SFsXQ,Aigner Gendarmenmarkt,€€€,120,4.0,+4930203751850,1477.6131229937992,52.5146991,13.3907825,Berlin,10117,Französischestr. 25
19,austrian,Austrian,dXiRPNAnhCMOykD53SFsXQ,Aigner Gendarmenmarkt,€€€,120,4.0,+4930203751850,1477.6131229937992,52.5146991,13.3907825,Berlin,10117,Französischestr. 25
20,dimsum,Dim Sum,yqX-QbXxw3BCoBgnaqrOqw,Lecker Song,€,77,4.5,+493026374447,3744.1480658188448,52.544112,13.420731,Berlin,10437,Schliemannstr. 19
21,chinese,Chinese,7EsX1wNmWwAdYNXwurVtxA,Da Jia Le,€€,62,4.5,+493021459745,3454.808763708114,52.49421,13.36378,Berlin,10783,Goebenstr. 23
22,tradamerican,American (Traditional),OACJ6kJYAorqcI0_FfeSZg,Southern Vittles,,10,4.5,+4915229420749,3268.3678423708984,52.54142,13.41526,Berlin,10437,Lychener Str. 6
23,hotdogs,Fast Food,KP_8I0zN9s50fWWf-S6mgg,Burgermeister,€,715,4.0,+493023883840,5198.937930223258,52.5011,13.442463,Berlin,10997,Oberbaumstr. 8
24,burgers,Burgers,KP_8I0zN9s50fWWf-S6mgg,Burgermeister,€,715,4.0,+493023883840,5198.937930223258,52.5011,13.442463,Berlin,10997,Oberbaumstr. 8
25,singaporean,Singaporean,0kbsEXLJEdqCwSws7BRqXg,Taste,€,9,4.5,+4917672971948,3171.3641056350543,52.52411,13.32896,Berlin,10555,Alt-Moabit 54
26,japanese,Japanese,K3g3Htcj3bTYR1rdWK6oDg,Momiji,€€,12,5.0,+493055286406,4239.249644918006,52.50663,13.32044,Berlin,10623,Bleibtreustr. 52
27,korean,Korean,3jR9kN7g6vW1WuPBUe9bZg,Yam Yam,€€,266,4.0,+493024632485,2222.424074744964,52.5275688928154,13.4082897611297,Berlin,10119,Alte Schönhauser Str. 6
28,japanese,Japanese,vWnOzHkdNBxnVGe-Vbbjyw,Udagawa,€€,53,4.0,+49303123014,4925.257096880612,52.50634,13.30962,Berlin,10625,Kantstr. 118
29,korean,Korean,HKWblNIz05tlm7tH0ROblw,NaNum,,4,4.5,+491772084785,2722.1495188242216,52.5025789213273,13.394095435339,Berlin,10969,Lindenstr. 90
30,themedcafes,Themed Cafes,HKWblNIz05tlm7tH0ROblw,NaNum,,4,4.5,+491772084785,2722.1495188242216,52.5025789213273,13.394095435339,Berlin,10969,Lindenstr. 90
31,pizza,Pizza,6xWLh3tMHxwg3o9uSkpF0g,Muckrakers Pizza,€,15,4.5,+493085612456,598.9572473865429,52.522359,13.384006,Berlin,10117,Marienstr. 18
32,german,German,MV2ZhPtmZQJ2WCVgzEA5XQ,Zur Haxe,€€,82,4.5,+49304216312,4712.711882389639,52.54477,13.43699,Berlin,10409,Erich-Weinert-Str. 128
33,ramen,Ramen,UtXUOUPGFyGAwWyEH3sCng,Takumi'9 Sapporo,€€,38,4.5,,794.5626986632531,52.52903,13.38472,Berlin,10115,Chausseestr. 124
34,mediterranean,Mediterranean,JtIJESqexMTtznNchqaG0g,Mezem,€,40,5.0,+4917683220425,4811.574286216521,52.50629,13.311274,Berlin,10625,Kantstr. 124
35,french,French,RUH98f6xTacjyDHkOVyoBA,Mirage Bistrot,,3,4.5,+493046992074,2341.426078199031,52.5450588943835,13.3691697567701,Berlin,13347,Reinickendorfer Str. 110
36,breakfast_brunch,Breakfast & Brunch,RUH98f6xTacjyDHkOVyoBA,Mirage Bistrot,,3,4.5,+493046992074,2341.426078199031,52.5450588943835,13.3691697567701,Berlin,13347,Reinickendorfer Str. 110
37,mediterranean,Mediterranean,RUH98f6xTacjyDHkOVyoBA,Mirage Bistrot,,3,4.5,+493046992074,2341.426078199031,52.5450588943835,13.3691697567701,Berlin,13347,Reinickendorfer Str. 110
38,tapasmallplates,Tapas/Small Plates,0f3-k1Hyu6__ajXjRpDbCg,Volver,€€,63,4.0,+493027572164,355.7619922746784,52.52228,13.37987,Berlin,10117,Luisenstr. 41
39,seafood,Seafood,BEtU3mWiEfNR8ycNCENdvg,Der Fischladen,€€,116,4.5,+493040005612,3433.250891326959,52.54599,13.4125599,Berlin,10437,Schönhauser Allee 128
40,fishmonger,Fishmonger,BEtU3mWiEfNR8ycNCENdvg,Der Fischladen,€€,116,4.5,+493040005612,3433.250891326959,52.54599,13.4125599,Berlin,10437,Schönhauser Allee 128
41,fishnchips,Fish & Chips,BEtU3mWiEfNR8ycNCENdvg,Der Fischladen,€€,116,4.5,+493040005612,3433.250891326959,52.54599,13.4125599,Berlin,10437,Schönhauser Allee 128
42,japanese,Japanese,ooJMgzHAeg9XuPbKnkBVng,Ushido,€€€,48,4.5,+493055242448,3378.2181934121986,52.5423217870669,13.4161812346983,Berlin,10437,Lychener Str. 18
43,bbq,Barbeque,ooJMgzHAeg9XuPbKnkBVng,Ushido,€€€,48,4.5,+493055242448,3378.2181934121986,52.5423217870669,13.4161812346983,Berlin,10437,Lychener Str. 18
44,french,French,hQ-fr8MvEV5RtJlezni1Pg,LA BUVETTE Steakhouse,€€€,88,4.5,+493094405363,858.1386399721341,52.53113129,13.38205394,Berlin,10115,Chausseestr. 110
45,brasseries,Brasseries,hQ-fr8MvEV5RtJlezni1Pg,LA BUVETTE Steakhouse,€€€,88,4.5,+493094405363,858.1386399721341,52.53113129,13.38205394,Berlin,10115,Chausseestr. 110
46,burgers,Burgers,-85Vif3rqVLHRMOBR-qNSA,Shiso Burger,€€,298,4.0,+493088944687,1583.240627680965,52.52723,13.39883,Berlin,10119,Auguststr. 29 c
47,wine_bars,Wine Bars,uR7wsySeBtVySv9QO8_hgg,Weingalerie und Café NÖ!,€€,131,4.5,+49302010871,1418.375690635572,52.51327,13.38625,Berlin,10117,Glinkastr. 23
48,mediterranean,Mediterranean,uR7wsySeBtVySv9QO8_hgg,Weingalerie und Café NÖ!,€€,131,4.5,+49302010871,1418.375690635572,52.51327,13.38625,Berlin,10117,Glinkastr. 23
49,flatbread,Flatbread,uR7wsySeBtVySv9QO8_hgg,Weingalerie und Café NÖ!,€€,131,4.5,+49302010871,1418.375690635572,52.51327,13.38625,Berlin,10117,Glinkastr. 23
50,bakeries,Bakeries,ZU-Ff2smJhlL3zqDBmjS7w,Cafe Albrecht,€,9,4.0,+493053156698,561.0560883180382,52.5231500048486,13.3838896792413,Berlin,10117,Reinhardtstr. 23
51,coffee,Coffee & Tea,ZU-Ff2smJhlL3zqDBmjS7w,Cafe Albrecht,€,9,4.0,+493053156698,561.0560883180382,52.5231500048486,13.3838896792413,Berlin,10117,Reinhardtstr. 23
52,breakfast_brunch,Breakfast & Brunch,ZU-Ff2smJhlL3zqDBmjS7w,Cafe Albrecht,€,9,4.0,+493053156698,561.0560883180382,52.5231500048486,13.3838896792413,Berlin,10117,Reinhardtstr. 23
53,syrian,Syrian,cq-jjm28Xv8oNVEZLQ5N-g,Yarok,€,169,4.5,+493095628703,1182.0239454983403,52.5283244,13.3920916,Berlin,10115,Torstr. 195
54,coffee,Coffee & Tea,vFQkzyNaKXBMZExeHRSOyg,Pret A Manger,,7,4.5,+492078278000,426.20937389649447,52.5243338564226,13.3695555026919,Berlin,10557,Europaplatz 1
55,breakfast_brunch,Breakfast & Brunch,vFQkzyNaKXBMZExeHRSOyg,Pret A Manger,,7,4.5,+492078278000,426.20937389649447,52.5243338564226,13.3695555026919,Berlin,10557,Europaplatz 1
56,sandwiches,Sandwiches,vFQkzyNaKXBMZExeHRSOyg,Pret A Manger,,7,4.5,+492078278000,426.20937389649447,52.5243338564226,13.3695555026919,Berlin,10557,Europaplatz 1
57,scottish,Scottish,FqjkhdhJIpxAVFGfytu73A,Hirsch & Hase,,5,5.0,+4917631322073,2281.968223179457,52.542081,13.393723,Berlin,13355,Brunnenstr. 73
58,beergarden,Beer Garden,FqjkhdhJIpxAVFGfytu73A,Hirsch & Hase,,5,5.0,+4917631322073,2281.968223179457,52.542081,13.393723,Berlin,13355,Brunnenstr. 73
59,tapasmallplates,Tapas/Small Plates,FqjkhdhJIpxAVFGfytu73A,Hirsch & Hase,,5,5.0,+4917631322073,2281.968223179457,52.542081,13.393723,Berlin,13355,Brunnenstr. 73
60,burgers,Burgers,K1U73tI42PdMoyj3pdSDcw,Louis Alfons,€€,14,4.5,+493064491107,2235.804649472597,52.544307,13.371223,Berlin,13347,Gerichtstr. 60
61,steak,Steakhouses,K1U73tI42PdMoyj3pdSDcw,Louis Alfons,€€,14,4.5,+493064491107,2235.804649472597,52.544307,13.371223,Berlin,13347,Gerichtstr. 60
62,italian,Italian,Uv0i4nrfjgUVJenHbcxlyA,Dolcini,€€,34,4.5,+493024630456,1378.432867680872,52.51384,13.38688,Berlin,10117,Jägerstr. 70
63,indpak,Indian,Ul_fxm7Rg-QSsWGPg3xclA,ammAmma,€,61,4.5,+493078718485,4659.9000636300425,52.4850306,13.3522505,Berlin,10823,Eisenacher Str. 59
64,chinese,Chinese,f2Q3i3MjsbJSUVhG47Gw-w,Lucky Star,€€,64,4.0,+493056735514,749.0635865678418,52.52559,13.38709,Berlin,10117,Friedrichstr.127
65,chinese,Chinese,huvKWp95UPlfzpW1-K4cpg,Chen's Wok,,9,4.0,+49303419013,4061.561038140074,52.5133099020105,13.3186600729823,Berlin,10585,Otto-Suhr-Allee 11 - 13
66,cafes,Cafes,CPjSn7dFNcC10VhHa9sqZA,Steel Vintage Bikes Café,€€,73,4.5,+493020623877,1384.844689975583,52.51254,13.38211,Berlin,10117,Wilhelmstr. 91
67,bikes,Bikes,CPjSn7dFNcC10VhHa9sqZA,Steel Vintage Bikes Café,€€,73,4.5,+493020623877,1384.844689975583,52.51254,13.38211,Berlin,10117,Wilhelmstr. 91
68,breakfast_brunch,Breakfast & Brunch,CPjSn7dFNcC10VhHa9sqZA,Steel Vintage Bikes Café,€€,73,4.5,+493020623877,1384.844689975583,52.51254,13.38211,Berlin,10117,Wilhelmstr. 91
69,german,German,zoqrQLulC-weIVB83OIc4Q,Elefant,€€,159,4.5,+493023607346,3502.052178173731,52.4989484,13.3453693,Berlin,10777,Fuggerstr. 18
70,korean,Korean,NnvM46-PnfmEdSYpCP6mGQ,Guten Dag,€,22,4.5,+4917672606287,3678.880194257397,52.5482529804299,13.4135445579886,Berlin,10437,Schönhauser Allee 120
71,chickenshop,Chicken Shop,NnvM46-PnfmEdSYpCP6mGQ,Guten Dag,€,22,4.5,+4917672606287,3678.880194257397,52.5482529804299,13.4135445579886,Berlin,10437,Schönhauser Allee 120
72,italian,Italian,I0h9RZKCxPud0Azpmr_LDw,Papà Pane di Sorrento,€€,238,4.0,+493028092701,1633.2529695336175,52.53198,13.39639,Berlin,10115,Ackerstr. 23
73,vegetarian,Vegetarian,0VBlZfPnfpWHoMRiSY_iiw,momos,€,12,4.0,+491602688177,834.7947870310736,52.52758,13.38715,Berlin,10115,Chausseestr. 2
74,vegan,Vegan,0VBlZfPnfpWHoMRiSY_iiw,momos,€,12,4.0,+491602688177,834.7947870310736,52.52758,13.38715,Berlin,10115,Chausseestr. 2
75,thai,Thai,1z9sINlk-lb_ehNImziP7Q,Thai Window Asia,€,61,4.5,+493063378610,2544.5175556035533,52.5277522833396,13.4130607292624,Berlin,10119,Torstr. 22
76,mexican,Mexican,SugGVcQTeL-7Rx0fZgyrgw,Taquería Ta'Cabrón,€,145,4.0,+493032662439,4954.961124669038,52.4998771,13.4369915,Berlin,10997,Skalitzer Str. 60
77,divebars,Dive Bars,SugGVcQTeL-7Rx0fZgyrgw,Taquería Ta'Cabrón,€,145,4.0,+493032662439,4954.961124669038,52.4998771,13.4369915,Berlin,10997,Skalitzer Str. 60
78,schnitzel,Schnitzel,zoGKin7W8L3uyXeXlvc5gg,Schnitzelei Mitte,€€€,48,4.5,+493032519422,898.0743506015705,52.528464,13.387325,Berlin,10115,Chausseestr. 8
79,cafes,Cafes,fYaEKJzXZvaJ0E9HrtEbTg,Du Bonheur,€€,49,4.5,+493056591955,1987.9928244104124,52.5362432,13.3978679,Berlin,10115,Brunnenstr. 39
80,bakeries,Bakeries,fYaEKJzXZvaJ0E9HrtEbTg,Du Bonheur,€€,49,4.5,+493056591955,1987.9928244104124,52.5362432,13.3978679,Berlin,10115,Brunnenstr. 39
81,delicatessen,Delicatessen,fYaEKJzXZvaJ0E9HrtEbTg,Du Bonheur,€€,49,4.5,+493056591955,1987.9928244104124,52.5362432,13.3978679,Berlin,10115,Brunnenstr. 39
82,tradamerican,American (Traditional),ZTcs1Un-EC2ssadXifM4Dg,Mogg,€€,110,4.0,+4930330060770,1278.5184415017968,52.526492,13.394437,Berlin,10117,Auguststr. 11 - 13
83,sandwiches,Sandwiches,ZTcs1Un-EC2ssadXifM4Dg,Mogg,€€,110,4.0,+4930330060770,1278.5184415017968,52.526492,13.394437,Berlin,10117,Auguststr. 11 - 13
84,oriental,Oriental,KdK273qKNfE4J0AizT2rww,Sabzi,€,18,4.5,+491776712732,264.86630651187755,52.52314,13.379268,Berlin,10117,Luisenstr. 15
85,hotdogs,Fast Food,KdK273qKNfE4J0AizT2rww,Sabzi,€,18,4.5,+491776712732,264.86630651187755,52.52314,13.379268,Berlin,10117,Luisenstr. 15
86,mideastern,Middle Eastern,KdK273qKNfE4J0AizT2rww,Sabzi,€,18,4.5,+491776712732,264.86630651187755,52.52314,13.379268,Berlin,10117,Luisenstr. 15
87,greek,Greek,0oZ6GNvAPyItdGcrlSJrcw,Asteria,€€,119,4.5,+493040053571,3083.6039432257235,52.5414439100881,13.4118138626218,Berlin,10435,Schönhauser Allee 143
88,ramen,Ramen,BoF7-MWqdvCPhAlir9KTJw,ULT Ramen,€,17,4.0,,2933.344720746928,52.54999,13.36533,Berlin,13347,Schulstr. 29
89,turkish,Turkish,fcAUXFbhQKjJHbvL7ns8BA,Gümüş,€,15,4.5,+49307812040,4280.9790801171985,52.487484,13.3578894,Berlin,10827,Hauptstr. 148
90,bakeries,Bakeries,fcAUXFbhQKjJHbvL7ns8BA,Gümüş,€,15,4.5,+49307812040,4280.9790801171985,52.487484,13.3578894,Berlin,10827,Hauptstr. 148
91,mexican,Mexican,gpJiSuJ7fFejl1mBXIA_mg,Maria Bonita,€€,185,4.0,,3369.257528985182,52.54039,13.41811,Berlin,10435,Danziger Str. 33
92,persian,Persian/Iranian,Crr51VSLMRKD7EaIsvW4lA,Kourosh,€€,19,4.5,+491729441960,3651.232302035035,52.5001,13.33953,Berlin,10789,Lietzenburger Str. 20 b
93,oriental,Oriental,Crr51VSLMRKD7EaIsvW4lA,Kourosh,€€,19,4.5,+491729441960,3651.232302035035,52.5001,13.33953,Berlin,10789,Lietzenburger Str. 20 b
94,seafood,Seafood,XlAlY5t5ReaPacpgwMcyyQ,Gode Wind,,5,5.0,+493055494120,8279.344525888275,52.4920318609691,13.4860254727387,Berlin,10317,Gustav-Holzmann-Str. 10
95,venues,Venues & Event Spaces,XlAlY5t5ReaPacpgwMcyyQ,Gode Wind,,5,5.0,+493055494120,8279.344525888275,52.4920318609691,13.4860254727387,Berlin,10317,Gustav-Holzmann-Str. 10
96,burgers,Burgers,XQpE_t-OfYrA59Bx8_JaSA,Rembrandt-Burger,€€,187,4.5,+493089997296,4896.027225110672,52.52002,13.44783,Berlin,10249,Richard-Sorge-Str. 21
97,cafes,Cafes,K3uCd6IiY8-FVCJ3SVc2Og,Berliner Pfannkuchen,,1,5.0,+49302826537,1623.6656882421441,52.526383,13.399313,Berlin,10178,Sophienstr. 30 - 31
98,pancakes,Pancakes,K3uCd6IiY8-FVCJ3SVc2Og,Berliner Pfannkuchen,,1,5.0,+49302826537,1623.6656882421441,52.526383,13.399313,Berlin,10178,Sophienstr. 30 - 31
99,korean,Korean,X9MF12TKs84W-y7CVNQo1w,Gogogi,€€,33,4.0,+493055246141,1888.884813241116,52.53079,13.40189,Berlin,10119,Weinbergsweg 24
100,seafood,Seafood,jywTSGNm2fhFDoU6BVp7BQ,Seaside,€€€,33,4.0,+493020917354,1679.8396293950557,52.5119743,13.389979,Berlin,10117,Mohrenstr. 17
101,steak,Steakhouses,jbcZvy-y4DsyjVyxxJEXiw,Steakhouse Asador,€€,230,4.5,+493025931818,2431.6500147328,52.50383,13.38806,Berlin,10963,Wilhelmstr. 22
102,african,African,bYfh5awq3no8WxiWvs7PNA,Safari Imbiss,€,11,4.5,+4917634197063,3063.092812367553,52.54872,13.35459,Berlin,13353,Müllerstr. 143
103,foodstands,Food Stands,bYfh5awq3no8WxiWvs7PNA,Safari Imbiss,€,11,4.5,+4917634197063,3063.092812367553,52.54872,13.35459,Berlin,13353,Müllerstr. 143
104,cafes,Cafes,VYY47QpwTFNz8KsL7xWzLg,Flamingo Fresh Food Bar,€€,70,4.5,+493083218865,852.2957728369403,52.5194401,13.3854612,Berlin,10117,Neustädtische Kirchstr. 8
105,breakfast_brunch,Breakfast & Brunch,VYY47QpwTFNz8KsL7xWzLg,Flamingo Fresh Food Bar,€€,70,4.5,+493083218865,852.2957728369403,52.5194401,13.3854612,Berlin,10117,Neustädtische Kirchstr. 8
106,sandwiches,Sandwiches,VYY47QpwTFNz8KsL7xWzLg,Flamingo Fresh Food Bar,€€,70,4.5,+493083218865,852.2957728369403,52.5194401,13.3854612,Berlin,10117,Neustädtische Kirchstr. 8
107,cafes,Cafes,BB9cYpDwCX7FU_UwnQ4B-w,Simply...,€€,7,4.5,+493094402603,3921.910909492992,52.5343,13.4315,Berlin,10407,Pasteurstr. 2
108,tradamerican,American (Traditional),BB9cYpDwCX7FU_UwnQ4B-w,Simply...,€€,7,4.5,+493094402603,3921.910909492992,52.5343,13.4315,Berlin,10407,Pasteurstr. 2
109,sandwiches,Sandwiches,BB9cYpDwCX7FU_UwnQ4B-w,Simply...,€€,7,4.5,+493094402603,3921.910909492992,52.5343,13.4315,Berlin,10407,Pasteurstr. 2
110,dimsum,Dim Sum,ZEkEL7Lwh9yM33_jpcyjAw,Dan's Dim Sum,€€,18,4.0,+493047372122,3363.096438511895,52.54712,13.40869,Berlin,10437,Gleimstr. 17
111,mideastern,Middle Eastern,3p9lgQFMsVWPKKw3O1nRPA,Layla,,9,4.5,+4915122563654,2588.77652732829,52.50149,13.38327,Berlin,10963,Hallesche Str. 10
112,indpak,Indian,DSOCAQ1coKLb28LW3c_nOw,Zaika,€€,193,4.5,+493040003435,4122.155018997884,52.54803,13.42284,Berlin,10439,Wichertstr. 57
113,cafes,Cafes,pTkrMYocqzkIYEaJyHAoEQ,Tigertörtchen,€€,57,4.5,+493067969051,2317.1839209797754,52.517192841912,13.4079900383949,Berlin,10178,Spandauer Str. 25
114,cupcakes,Cupcakes,pTkrMYocqzkIYEaJyHAoEQ,Tigertörtchen,€€,57,4.5,+493067969051,2317.1839209797754,52.517192841912,13.4079900383949,Berlin,10178,Spandauer Str. 25
115,cakeshop,Patisserie/Cake Shop,pTkrMYocqzkIYEaJyHAoEQ,Tigertörtchen,€€,57,4.5,+493067969051,2317.1839209797754,52.517192841912,13.4079900383949,Berlin,10178,Spandauer Str. 25
116,panasian,Pan Asian,BhLXGATkWad1fdFvyc108g,Gia-Han,€,17,4.5,+493047010120,2036.3347275629906,52.5423757721864,13.3701165765524,Berlin,13347,Reinickendorfer Str. 13
117,sushi,Sushi Bars,BhLXGATkWad1fdFvyc108g,Gia-Han,€,17,4.5,+493047010120,2036.3347275629906,52.5423757721864,13.3701165765524,Berlin,13347,Reinickendorfer Str. 13
118,german,German,3LHWNkukiVBztEXdMXUaLA,Repke Spätzlerei,€,79,4.0,+493088718672,4386.819792136213,52.50421,13.32008,Berlin,10623,Bleibtreustr. 46
119,foodstands,Food Stands,F2HUfsf0sBzkjXWiM93ymg,Mustafas Gemüse Kebap,€,1075,4.0,,3498.12945085347,52.493825,13.3880366380635,Berlin,10961,Mehringdamm 32
120,kebab,Kebab,F2HUfsf0sBzkjXWiM93ymg,Mustafas Gemüse Kebap,€,1075,4.0,,3498.12945085347,52.493825,13.3880366380635,Berlin,10961,Mehringdamm 32
121,cafes,Cafes,A81EKm7ru1nGbxXstEYBhA,MARS,€,6,4.5,+493046061205,2503.6561222135824,52.5461522170179,13.3663061656067,Berlin,13347,Gerichtstr. 35
122,german,German,-x0xurlF6rBjQtto7JU-bg,acht&dreissig,€€,23,4.5,+493037465031,1066.0464936548929,52.525488,13.39151,Berlin,10117,Oranienburger Str. 38
123,cuban,Cuban,4L6vbqMCeAQbHUyNRK5QWw,La Casa Buena Vista,€€,63,4.5,+493092370685,6671.559684134366,52.55003,13.46487,Berlin,13088,Bizetstraße 136
124,cocktailbars,Cocktail Bars,4L6vbqMCeAQbHUyNRK5QWw,La Casa Buena Vista,€€,63,4.5,+493092370685,6671.559684134366,52.55003,13.46487,Berlin,13088,Bizetstraße 136
125,cajun,Cajun/Creole,4L6vbqMCeAQbHUyNRK5QWw,La Casa Buena Vista,€€,63,4.5,+493092370685,6671.559684134366,52.55003,13.46487,Berlin,13088,Bizetstraße 136
126,pizza,Pizza,CAoUMz4XJGvSVEccEOQ04A,Pascarella,€€,6,4.5,+493031168580,957.9719753896072,52.5323,13.38143,Berlin,10115,Chauseestr. 30
127,italian,Italian,CAoUMz4XJGvSVEccEOQ04A,Pascarella,€€,6,4.5,+493031168580,957.9719753896072,52.5323,13.38143,Berlin,10115,Chauseestr. 30
128,korean,Korean,vVYzxfNyR3ztpyVgBfwXYQ,Feel Seoul Good,,13,4.5,,3148.5699223408533,52.53696,13.41759,Berlin,10435,Husemannstr. 2
129,gastropubs,Gastropubs,HAn6q1OD7AMbxJMqqmDOsQ,Salt n Bone,€€,39,4.5,+493091448885,3697.01082810725,52.54409,13.419856,Berlin,10437,Schliemannstr. 31
130,cocktailbars,Cocktail Bars,HAn6q1OD7AMbxJMqqmDOsQ,Salt n Bone,€€,39,4.5,+493091448885,3697.01082810725,52.54409,13.419856,Berlin,10437,Schliemannstr. 31
131,social_clubs,Social Clubs,K_Jt2s8HZ3k-V6zmAJ3U4A,Berlin Capital Club,,16,5.0,+49302062976,1802.1501941974766,52.511899,13.392809,Berlin,10117,Mohrenstr. 30
132,lounges,Lounges,K_Jt2s8HZ3k-V6zmAJ3U4A,Berlin Capital Club,,16,5.0,+49302062976,1802.1501941974766,52.511899,13.392809,Berlin,10117,Mohrenstr. 30
133,german,German,K_Jt2s8HZ3k-V6zmAJ3U4A,Berlin Capital Club,,16,5.0,+49302062976,1802.1501941974766,52.511899,13.392809,Berlin,10117,Mohrenstr. 30
134,cafes,Cafes,imsmsRKFvJAUWEacpvCM2w,Grilled Pocket Sandwich G.P.S,€,9,5.0,+491639202131,3262.648859213236,52.529495,13.328365,Berlin,10553,Beusselstr. 63
135,sandwiches,Sandwiches,imsmsRKFvJAUWEacpvCM2w,Grilled Pocket Sandwich G.P.S,€,9,5.0,+491639202131,3262.648859213236,52.529495,13.328365,Berlin,10553,Beusselstr. 63
136,mexican,Mexican,WVvjPjxncn_w5Rx2eIC1BQ,Dolores,€,521,4.0,+493028099597,2262.208125732613,52.523781,13.409277,Berlin,10178,Rosa-Luxemburg-Str. 7
137,italian,Italian,v2Bj0O983oqXWloPVgej-A,Ristorante a Mano,€€,59,4.5,+493095598243,3541.4528829891124,52.519343265958,13.4275348786102,Berlin,10243,Strausberger Platz 2
138,vietnamese,Vietnamese,tU6VJoCGGxHk_1Aa9VeC6g,Saigon Com Nieu,€€,28,4.5,+493047595688,3134.5758419378344,52.4986491696502,13.3570010558928,Berlin,10783,Bülowstr. 9
139,panasian,Pan Asian,tU6VJoCGGxHk_1Aa9VeC6g,Saigon Com Nieu,€€,28,4.5,+493047595688,3134.5758419378344,52.4986491696502,13.3570010558928,Berlin,10783,Bülowstr. 9
140,georgian,Georgian,ssTbFrl0YkJwb00HIMhW9w,Schwiliko,€€,32,4.0,+493061623588,5593.203177280522,52.49867,13.44686,Berlin,10997,Schlesische Str. 29
141,cafes,Cafes,YYhYH5CqP8IEf4NWe7ffUg,Monkey Mind,,1,5.0,+4915782579665,2478.399066349982,52.529707,13.340281,Berlin,10551,Bredowstr. 14
142,vegan,Vegan,YYhYH5CqP8IEf4NWe7ffUg,Monkey Mind,,1,5.0,+4915782579665,2478.399066349982,52.529707,13.340281,Berlin,10551,Bredowstr. 14
143,breakfast_brunch,Breakfast & Brunch,YYhYH5CqP8IEf4NWe7ffUg,Monkey Mind,,1,5.0,+4915782579665,2478.399066349982,52.529707,13.340281,Berlin,10551,Bredowstr. 14
144,mediterranean,Mediterranean,ll8iSQnqNmhDZ0jtJbdUYQ,Merhaba,€€,37,4.5,+493048827940,3367.2283684654208,52.5288,13.4251,Berlin,10405,Greifswalderstr. 4
145,oriental,Oriental,ll8iSQnqNmhDZ0jtJbdUYQ,Merhaba,€€,37,4.5,+493048827940,3367.2283684654208,52.5288,13.4251,Berlin,10405,Greifswalderstr. 4
146,german,German,L6fEV0NBc4JlLhWIK6YFsA,Refugium,€€€,30,4.0,+49302291661,1658.2845813047597,52.5136111,13.3927778,Berlin,10117,Gendarmenmarkt 5
147,international,International,L6fEV0NBc4JlLhWIK6YFsA,Refugium,€€€,30,4.0,+49302291661,1658.2845813047597,52.5136111,13.3927778,Berlin,10117,Gendarmenmarkt 5
148,mediterranean,Mediterranean,k2MwXoCpnrsO-tt3QocyzA,Agora,,1,5.0,+493028444898,2955.5010280019787,52.5095,13.41197,Berlin,10179,Annenstr. 13
149,mideastern,Middle Eastern,jrho07CTircACsnHc4FqnA,Marral,€€,69,4.5,+493048811887,925.7044724011815,52.52727,13.38871,Berlin,10115,Torstr. 222
150,german,German,08H_7laPJWJbNysYzqDbOA,Ständige Vertretung,€€,180,4.0,+49302823965,734.9710885229902,52.521205,13.385366,Berlin,10117,Schiffbauerdamm 8
151,scandinavian,Scandinavian,6Y_TsOhlOm8ypfZdet0R6Q,Saeson,,3,4.5,,2418.2437906159903,52.5034901396385,13.3660202008059,Berlin,10785,Potsdamer Str. 67
152,cafes,Cafes,fOmGd9w48_VjeynTlPEVgA,Tinman,,3,4.5,+4915780312589,2300.8876575591403,52.528717,13.409117,Berlin,10119,Alte Schönhauser Str. 2
153,breakfast_brunch,Breakfast & Brunch,fOmGd9w48_VjeynTlPEVgA,Tinman,,3,4.5,+4915780312589,2300.8876575591403,52.528717,13.409117,Berlin,10119,Alte Schönhauser Str. 2
154,sandwiches,Sandwiches,fOmGd9w48_VjeynTlPEVgA,Tinman,,3,4.5,+4915780312589,2300.8876575591403,52.528717,13.409117,Berlin,10119,Alte Schönhauser Str. 2
155,hotdog,Hot Dogs,WU1yyRCqv1t1j74uc63RIA,Oishii Hot Dog,€,42,4.0,+493033859394,3546.099353201883,52.54627,13.41401,Berlin,10437,Schönhauser Allee 65
156,hotdogs,Fast Food,WU1yyRCqv1t1j74uc63RIA,Oishii Hot Dog,€,42,4.0,+493033859394,3546.099353201883,52.54627,13.41401,Berlin,10437,Schönhauser Allee 65
157,peruvian,Peruvian,yPvnZmeL08H1AL1xBYFIcw,Naninka,€€,9,5.0,+4915784286610,2541.4130243306718,52.5278074072668,13.33870817852,Berlin,10551,Arminiusstr. 2 - 4
158,chinese,Chinese,fsZLstZPYEyh0_nfBvaEtg,LIU 成都味道 Chuan Chuan Xiang & Nudelhaus,,10,4.0,+491786684572,1656.89916050009,52.5112694,13.3874362,Berlin,10117,Kronenstr. 72
159,soup,Soup,fsZLstZPYEyh0_nfBvaEtg,LIU 成都味道 Chuan Chuan Xiang & Nudelhaus,,10,4.0,+491786684572,1656.89916050009,52.5112694,13.3874362,Berlin,10117,Kronenstr. 72
160,spanish,Spanish,6UUxSr7fDTT4tH8Wk0AeeQ,Picoteo,€€,27,4.5,+493060407400,3894.4089414340797,52.4977,13.4131,Berlin,10999,Erkelenzdamm 47
161,portuguese,Portuguese,6UUxSr7fDTT4tH8Wk0AeeQ,Picoteo,€€,27,4.5,+493060407400,3894.4089414340797,52.4977,13.4131,Berlin,10999,Erkelenzdamm 47
162,cafes,Cafes,j_CplOr5slHebJSxdXDlwQ,Mały Książę,€,13,4.5,+493062908068,4580.352118781295,52.4880442,13.4076768,Berlin,10965,Lilienthalstr. 6
163,polish,Polish,j_CplOr5slHebJSxdXDlwQ,Mały Książę,€,13,4.5,+493062908068,4580.352118781295,52.4880442,13.4076768,Berlin,10965,Lilienthalstr. 6
164,intlgrocery,International Grocery,j_CplOr5slHebJSxdXDlwQ,Mały Książę,€,13,4.5,+493062908068,4580.352118781295,52.4880442,13.4076768,Berlin,10965,Lilienthalstr. 6
165,burgers,Burgers,dNht4DP1HLtVXmL_V4iNlw,The Bird,€€,665,4.0,+493051053283,3201.650037116568,52.54674,13.40575,Berlin,10437,Am Falkplatz 5
166,steak,Steakhouses,dNht4DP1HLtVXmL_V4iNlw,The Bird,€€,665,4.0,+493051053283,3201.650037116568,52.54674,13.40575,Berlin,10437,Am Falkplatz 5
167,bbq,Barbeque,GIcY8nfARQLzOJ-M6NJWSQ,Chicago Williams BBQ,€€,138,3.5,+493028042422,729.9963874962543,52.5271533,13.3856489,Berlin,10115,Hannoversche Str. 2
168,sandwiches,Sandwiches,GIcY8nfARQLzOJ-M6NJWSQ,Chicago Williams BBQ,€€,138,3.5,+493028042422,729.9963874962543,52.5271533,13.3856489,Berlin,10115,Hannoversche Str. 2
169,mediterranean,Mediterranean,ut222NyCMpKcugCq6lr6yw,Mani,€€,51,4.5,+491636359464,1699.4674584898255,52.52937,13.39959,Berlin,10119,Torstr. 136
170,german,German,lrADfCYffCllBbJHBgqiIw,Spätzle Club,€,50,4.5,+493020143139,2377.1859142003327,52.51055,13.40242,Berlin,10117,Seydelstr. 2
171,swabian,Swabian,lrADfCYffCllBbJHBgqiIw,Spätzle Club,€,50,4.5,+493020143139,2377.1859142003327,52.51055,13.40242,Berlin,10117,Seydelstr. 2
172,italian,Italian,C7TGbJJPgCPPhBJB8CPkxQ,Boccondivino,€€,64,4.0,+493028493898,630.2783576965387,52.52226,13.38458,Berlin,10117,Albrechtstr. 18
173,modern_european,Modern European,VxEtPoyFWPma8pOoY8rtrQ,Pantry,€€€,72,4.0,+493034623612,785.4274838718613,52.5266,13.38693,Berlin,10117,Friedrichstr. 120
174,indpak,Indian,RdronlrBgpaHIA5VHhbJ8g,Indian Village,,5,5.0,+493025765414,2761.447380140936,52.518159,13.41536,Berlin,10178,Dircksenstr. 94
175,coffee,Coffee & Tea,0fikR43JcEVdeRLNY4MBdQ,Mr. Vertigo,€,48,4.5,+491636010110,827.7875972811328,52.5298731,13.384146,Berlin,10115,Chausseestr. 17
176,sandwiches,Sandwiches,0fikR43JcEVdeRLNY4MBdQ,Mr. Vertigo,€,48,4.5,+491636010110,827.7875972811328,52.5298731,13.384146,Berlin,10115,Chausseestr. 17
177,burgers,Burgers,IJ1ZyQwBC6SN6jzjZ5uexw,Peter Pane,€€,74,3.5,+493020679063,937.8663692891099,52.5208082,13.3883983,Berlin,10117,Friedrichstr. 101
178,georgian,Georgian,PK_xINqJR32W4tRZUih4hQ,Tbilisi,€€,19,4.0,+493023927015,3743.6584084238325,52.551805,13.408004,Berlin,10439,Schönfließer Str. 15
179,wine_bars,Wine Bars,PK_xINqJR32W4tRZUih4hQ,Tbilisi,€€,19,4.0,+493023927015,3743.6584084238325,52.551805,13.408004,Berlin,10439,Schönfließer Str. 15
180,kebab,Kebab,mLj6xo3Vj0Y-xHQmCAl98A,My Döner,,1,5.0,+491782152087,1600.9629364246282,52.5241201377305,13.3521948393323,Berlin,10559,Alt-moabit 112
181,turkish,Turkish,mLj6xo3Vj0Y-xHQmCAl98A,My Döner,,1,5.0,+491782152087,1600.9629364246282,52.5241201377305,13.3521948393323,Berlin,10559,Alt-moabit 112
182,japanese,Japanese,G9eDea-6MdhgmDlb_wqV1A,ZENKICHI,€€€€,22,4.0,+493024630810,891.0919192572952,52.5245399,13.3889704,Berlin,10117,Johannisstr. 20
183,bars,Bars,G9eDea-6MdhgmDlb_wqV1A,ZENKICHI,€€€€,22,4.0,+493024630810,891.0919192572952,52.5245399,13.3889704,Berlin,10117,Johannisstr. 20
184,bbq,Barbeque,aWsXSqAgxk1ZFYnt_m91iA,Supreme,€€,37,4.0,+493027874714,1321.712558892793,52.524519,13.39539,Berlin,10117,Oranienburger Str. 26
185,burgers,Burgers,aWsXSqAgxk1ZFYnt_m91iA,Supreme,€€,37,4.0,+493027874714,1321.712558892793,52.524519,13.39539,Berlin,10117,Oranienburger Str. 26
186,bars,Bars,aWsXSqAgxk1ZFYnt_m91iA,Supreme,€€,37,4.0,+493027874714,1321.712558892793,52.524519,13.39539,Berlin,10117,Oranienburger Str. 26
187,kebab,Kebab,EVH9XkuY1mK0_vOM0eKwHQ,Dönerbox,€,12,4.5,,3137.0758253590243,52.5110594676122,13.4167079389019,Berlin,10179,Köpenickerstr. 76
188,lounges,Lounges,orKnWqdFr-Y-jnTw285YHw,Mein Haus am See,€€,161,4.0,+493023883561,1798.385419739355,52.5300561877761,13.4007587070716,Berlin,10119,Brunnenstr. 197 - 198
189,cafes,Cafes,orKnWqdFr-Y-jnTw285YHw,Mein Haus am See,€€,161,4.0,+493023883561,1798.385419739355,52.5300561877761,13.4007587070716,Berlin,10119,Brunnenstr. 197 - 198
190,burgers,Burgers,jpBkgi3LYqbYjeYQAfdsYg,Peter Pane,€€,22,3.5,+493039409301,480.1676857737325,52.5270156754117,13.3702092559058,Berlin,10557,Invalidenstr. 53
191,foodstands,Food Stands,aun5AhzwVp526DAVTJQrUA,Chamandi Restaurant,€,4,5.0,+493088064245,2039.4268180451606,52.54239,13.37013,Berlin,13347,Reinickendorfer Str. 13
192,german,German,sEsT-fXXmvnmxKOmrjBxsA,Käfer,€€€,111,4.0,+49302262990,643.3611550871891,52.518619,13.37631,Berlin,11011,Platz der Republik 1
193,breakfast_brunch,Breakfast & Brunch,sEsT-fXXmvnmxKOmrjBxsA,Käfer,€€€,111,4.0,+49302262990,643.3611550871891,52.518619,13.37631,Berlin,11011,Platz der Republik 1
194,german,German,fwzFE9YcEQ-WbOJ2H5iTdA,Capital Beach,€€,62,3.0,+491635654135,357.05207474696164,52.5226933750792,13.3713822439313,Berlin,10557,Ludwig-Erhard-Ufer
195,beachbars,Beach Bars,fwzFE9YcEQ-WbOJ2H5iTdA,Capital Beach,€€,62,3.0,+491635654135,357.05207474696164,52.5226933750792,13.3713822439313,Berlin,10557,Ludwig-Erhard-Ufer
196,foodstands,Food Stands,u5B7QtrURJsMw38LMbktGw,Birdhouse Imbiss,,1,5.0,,487.1287328534734,52.52947,13.36894,Berlin,10557,Heidestr. 58
197,thai,Thai,9ytx1TVvGPgXl9onyzJdXQ,Dan Thai Food,€,30,4.5,+491781730135,2620.416685650909,52.54756,13.36891,Berlin,13347,Reinickendorfer Str. 96
198,canteen,Canteen,3cjDK9DAmbzqw8i0zUREDg,KANTINE,€€,10,4.0,+493033844430,1720.9593957168204,52.528181,13.4005219,Berlin,10119,Joachimstr. 11
199,bbq,Barbeque,HFajim9qjlb3vSqnpR96FQ,Rotisserie Weingrün,€€€,108,4.5,+493020621900,2275.7622003219517,52.5126768,13.4034261,Berlin,10178,Gertraudenstr. 10 - 12
200,german,German,HFajim9qjlb3vSqnpR96FQ,Rotisserie Weingrün,€€€,108,4.5,+493020621900,2275.7622003219517,52.5126768,13.4034261,Berlin,10178,Gertraudenstr. 10 - 12
201,vietnamese,Vietnamese,2OnO7vs6NdNs13rFvUUYaA,+84,€,17,4.5,+493040751791,926.1368938639014,52.53241,13.37956,Berlin,10115,Habersaathstr. 52
202,thai,Thai,nAYuFAZ06_i7OpyY4Hhjcw,Sisaket,€€,21,4.5,+493020658186,1954.7621475261863,52.5234983430437,13.4047100320458,Berlin,10178,Dircksenstr. 47
203,japanese,Japanese,1CUzACE0UUo5J0BUtmvS0w,Shiori,€€€€,12,5.0,+493024337766,2181.8526206304014,52.52551,13.40816,Berlin,10119,Max-Beer-Str. 13
204,seafood,Seafood,U_cZP5iuJNqwGDKh45MMBw,Munch's Hus,€€,91,4.0,+493021014086,3156.397932715073,52.496533,13.36696,Berlin,10783,Bülowstr. 66
205,scandinavian,Scandinavian,U_cZP5iuJNqwGDKh45MMBw,Munch's Hus,€€,91,4.0,+493021014086,3156.397932715073,52.496533,13.36696,Berlin,10783,Bülowstr. 66
206,italian,Italian,sEIp8JdCDhEWgisvh168Qg,Osteria bei Pino,€€,61,4.5,+49304657179,2435.7157442095686,52.5441397,13.3602497,Berlin,13353,Willdenowstr. 12
207,german,German,saKlJ7md49C46u9xh4TuXQ,Reinhard Bär,,4,5.0,+493092038237,647.9508568404651,52.5294909,13.3711994,Berlin,10557,Am Hamburger Bahnhof 4
208,modern_european,Modern European,9jQV2Mln8hGWaot9Tj2_Dg,heimlichTreu,€€€,9,4.5,+493048494599,2012.1869744954367,52.53548401087,13.3993655938832,Berlin,10115,Anklamer Str. 38
209,pizza,Pizza,usR5Z-TGqinhh91tgX9Dwg,Steel Vintage Bikes Café,,1,5.0,,1000.7721238668238,52.5260419,13.3903986,Berlin,10117,Auguststr. 91
210,breakfast_brunch,Breakfast & Brunch,usR5Z-TGqinhh91tgX9Dwg,Steel Vintage Bikes Café,,1,5.0,,1000.7721238668238,52.5260419,13.3903986,Berlin,10117,Auguststr. 91
211,cafes,Cafes,usR5Z-TGqinhh91tgX9Dwg,Steel Vintage Bikes Café,,1,5.0,,1000.7721238668238,52.5260419,13.3903986,Berlin,10117,Auguststr. 91
212,cafes,Cafes,jZQRhVs-_gFmvyxaRBfMdg,Lina Bistro & Café,€€,7,4.5,+49302849841970,242.26977625966597,52.522927,13.37866,Berlin,10117,Charitéstr.  3
213,panasian,Pan Asian,jHexJKIMOZ4B0v_Ae1OJxw,Jolly,€€,81,4.0,+493020059500,1328.2168899700594,52.52048,13.3944,Berlin,10117,Kupfergraben 4/4A
214,chinese,Chinese,jHexJKIMOZ4B0v_Ae1OJxw,Jolly,€€,81,4.0,+493020059500,1328.2168899700594,52.52048,13.3944,Berlin,10117,Kupfergraben 4/4A
215,breakfast_brunch,Breakfast & Brunch,NXb8tpsfK8_ETsCFtBNorw,Ostfee,€,49,4.0,+4917630514728,2664.9553017750886,52.53964,13.40631,Berlin,10435,Oderberger Str. 39
216,cafes,Cafes,NXb8tpsfK8_ETsCFtBNorw,Ostfee,€,49,4.0,+4917630514728,2664.9553017750886,52.53964,13.40631,Berlin,10435,Oderberger Str. 39
217,waffles,Waffles,NXb8tpsfK8_ETsCFtBNorw,Ostfee,€,49,4.0,+4917630514728,2664.9553017750886,52.53964,13.40631,Berlin,10435,Oderberger Str. 39
218,pizza,Pizza,NwtBYBgUaKqH4sUKMePsfQ,Pizza con Amore,€,27,5.0,+493091540687,2610.5525797218725,52.5263870066193,13.3374052335813,Berlin,10551,Turmstr. 82
219,burgers,Burgers,sptLs35Fx8dPO4Mo_hKnyQ,Q Burger,,6,4.0,,2185.16594265578,52.508006,13.393666,Berlin,10117,Markgrafen Str. 58
220,italian,Italian,NLL_o8u1g7rrZfgd-pDhiA,Ristorante Nuovo Firenze,,3,4.5,+493084711471,1455.4991844245767,52.53221,13.39309,Berlin,10115,Invalidenstr. 6
221,mediterranean,Mediterranean,NLL_o8u1g7rrZfgd-pDhiA,Ristorante Nuovo Firenze,,3,4.5,+493084711471,1455.4991844245767,52.53221,13.39309,Berlin,10115,Invalidenstr. 6
222,cafes,Cafes,lJKw5wOAzn2oAdDcK0hJqQ,Café Krone,€€,95,4.5,+493035125772,2656.5711872602355,52.53971,13.40611,Berlin,10435,Oderberger Str. 38
223,breakfast_brunch,Breakfast & Brunch,lJKw5wOAzn2oAdDcK0hJqQ,Café Krone,€€,95,4.5,+493035125772,2656.5711872602355,52.53971,13.40611,Berlin,10435,Oderberger Str. 38
224,sandwiches,Sandwiches,lJKw5wOAzn2oAdDcK0hJqQ,Café Krone,€€,95,4.5,+493035125772,2656.5711872602355,52.53971,13.40611,Berlin,10435,Oderberger Str. 38
225,indonesian,Indonesian,QFKvnuELKyRVv3l99akKVA,Tuk-Tuk,€€,56,4.0,+49307811588,3825.5303472680093,52.49118,13.36166,Berlin,10827,Großgörschenstr. 2
226,italian,Italian,GRKA79uzhtR8j-ZQj9flxw,Mozzarella & Pomodoro,€,13,5.0,+4917687782662,2036.3061041325018,52.5298063,13.4046129,Berlin,10119,Torstr. 97
227,pizza,Pizza,GRKA79uzhtR8j-ZQj9flxw,Mozzarella & Pomodoro,€,13,5.0,+4917687782662,2036.3061041325018,52.5298063,13.4046129,Berlin,10119,Torstr. 97
228,spanish,Spanish,JFT5jvNzn9wMGKLDEOnqeQ,Rodolfo's Tapas Bar,€€,21,4.5,+4915211842931,2502.660084292573,52.535027,13.408466,Berlin,10435,Choriner Str. 62
229,tapas,Tapas Bars,JFT5jvNzn9wMGKLDEOnqeQ,Rodolfo's Tapas Bar,€€,21,4.5,+4915211842931,2502.660084292573,52.535027,13.408466,Berlin,10435,Choriner Str. 62
230,latin,Latin American,JFT5jvNzn9wMGKLDEOnqeQ,Rodolfo's Tapas Bar,€€,21,4.5,+4915211842931,2502.660084292573,52.535027,13.408466,Berlin,10435,Choriner Str. 62
231,lebanese,Lebanese,y5xauTVrjS4F1UYDgCNBUg,Maroush,€,122,4.0,+493069536171,3906.75151249349,52.50089,13.41882,Berlin,10999,Adalbertstr. 93
232,japanese,Japanese,op9EroLhHIYATfQ5CHjl5w,Cocoro,€€,73,4.0,+493081494329,3812.942167673131,52.4907165727531,13.3864249259404,Berlin,10961,Mehringdamm 64
233,breakfast_brunch,Breakfast & Brunch,OPS4e6gdedLDIcfkKVAhzQ,Alsancak Simit Sarayi,,3,5.0,+493070071999,3441.6359044516535,52.495881,13.395753,Berlin,10961,Blücherstr. 9
234,turkish,Turkish,OPS4e6gdedLDIcfkKVAhzQ,Alsancak Simit Sarayi,,3,5.0,+493070071999,3441.6359044516535,52.495881,13.395753,Berlin,10961,Blücherstr. 9
235,vietnamese,Vietnamese,a59ZKUIecHuvsQC5qmfQBw,Minh San,,4,4.5,+493024020891,283.72101743393796,52.52257,13.37883,Berlin,10117,Reinhardtstr. 44
236,vietnamese,Vietnamese,WNTNO3n74t38VqUSwZgx0g,Chay Viet,€€,91,4.5,+493048494554,1844.9681713385687,52.53413,13.39802,Berlin,10119,Brunnenstr. 164
237,vegetarian,Vegetarian,WNTNO3n74t38VqUSwZgx0g,Chay Viet,€€,91,4.5,+493048494554,1844.9681713385687,52.53413,13.39802,Berlin,10119,Brunnenstr. 164
238,modern_european,Modern European,AwVHXN3HFwTSNksuiSdbsw,GOLVET,€€€€,6,4.5,+493089064222,2180.238536685797,52.5054693,13.3674524,Berlin,10785,Potsdamer Str. 58
239,spanish,Spanish,GpezVNnK_mpp36WWW8l7dg,El Colmado,,3,4.5,+493028445131,2340.0864655449072,52.519144,13.40953,Berlin,10178,Rathausstr. 13
240,tapas,Tapas Bars,GpezVNnK_mpp36WWW8l7dg,El Colmado,,3,4.5,+493028445131,2340.0864655449072,52.519144,13.40953,Berlin,10178,Rathausstr. 13
241,wine_bars,Wine Bars,GpezVNnK_mpp36WWW8l7dg,El Colmado,,3,4.5,+493028445131,2340.0864655449072,52.519144,13.40953,Berlin,10178,Rathausstr. 13
242,canteen,Canteen,-t4tJai-6Gx4D3TtzqN-PQ,Berliner Ensemble Kantine,€,21,4.0,+493028408155,689.9953580401126,52.5221710323156,13.3853736214264,Berlin,10117,Bertolt-Brecht-Platz 1
243,jazzandblues,Jazz & Blues,Z3ZPTEsO1QXkYuTD5eFIGA,Yorckschlösschen,€€,80,4.0,+49302158070,3447.9451932561096,52.4936359678454,13.3822574920655,Berlin,10965,Yorckstr. 15
244,beergarden,Beer Garden,Z3ZPTEsO1QXkYuTD5eFIGA,Yorckschlösschen,€€,80,4.0,+49302158070,3447.9451932561096,52.4936359678454,13.3822574920655,Berlin,10965,Yorckstr. 15
245,german,German,Z3ZPTEsO1QXkYuTD5eFIGA,Yorckschlösschen,€€,80,4.0,+49302158070,3447.9451932561096,52.4936359678454,13.3822574920655,Berlin,10965,Yorckstr. 15
246,easterngerman,Eastern German,mLyaN89GHJJ9fca4uJs9Kg,Marjellchen,€€,87,4.5,+49308832676,4581.103948962089,52.5031899,13.31764,Berlin,10629,Mommsenstr. 9
247,greek,Greek,8Z2C6-cI1HilFcfm4JkQmg,Taverna Phaestos,€€,42,4.5,+49303936915,2822.4461867976697,52.5229386986734,13.334205087867,Berlin,10555,Jagowstr. 16
248,turkish,Turkish,bQiHVfDDP-_6UKQVe1qZWg,Maranda,€,11,5.0,+493070038694,4518.424163022725,52.498717,13.427598,Berlin,10999,Wienerstr. 8
249,indpak,Indian,YY2Jr57AJm4NU_WAEY3SoA,Hasina Eatery,€,23,4.5,+493091505121,4054.230550017827,52.55549,13.34446,Berlin,13349,Ofener Str. 2
250,chinese,Chinese,7CaVCQmIStrH_XLKghAYMg,Noodle Plus,,1,5.0,+49493020633188,1250.8130414971338,52.5136775830357,13.3814525976777,Berlin,10117,Hannah-Arendt-Str. 1
251,korean,Korean,lr_AoN4-TWnhE3Ny018DHw,Ho Do Ri,€€,67,4.0,+49302153562,3487.5928327855786,52.4935,13.367,Berlin,10783,Goebenstr. 16
252,cafes,Cafes,a9aRBlRsJfjqtXd_loyZUA,Hermann Eicke,€,24,4.5,+493088538222,2027.938911903241,52.5373058,13.3970344,Berlin,10115,Brunnenstr. 45
253,indonesian,Indonesian,06heMxSSc64_DRuKE0eysA,Good Time,€€,222,4.0,+493020074870,1935.5566366365545,52.51235,13.39734,Berlin,10117,Hausvogteiplatz 11
254,thai,Thai,06heMxSSc64_DRuKE0eysA,Good Time,€€,222,4.0,+493020074870,1935.5566366365545,52.51235,13.39734,Berlin,10117,Hausvogteiplatz 11
255,vietnamese,Vietnamese,1sfRuIkICur2hBjflY3-Yg,East Moon,€€,10,4.5,+493065213506,2652.112493163177,52.5404464896305,13.4048600594538,Berlin,10437,Eberswalder Str. 1
256,bars,Bars,1sfRuIkICur2hBjflY3-Yg,East Moon,€€,10,4.5,+493065213506,2652.112493163177,52.5404464896305,13.4048600594538,Berlin,10437,Eberswalder Str. 1
257,tea,Tea Rooms,1sfRuIkICur2hBjflY3-Yg,East Moon,€€,10,4.5,+493065213506,2652.112493163177,52.5404464896305,13.4048600594538,Berlin,10437,Eberswalder Str. 1
258,brazilian,Brazilian,6nBfi1itsXi0_N91b1Fu7A,Café Mori,€,27,4.5,+493066300330,4592.258268710848,52.49828,13.42842,Berlin,10999,Wiener Str. 13
259,cafes,Cafes,6nBfi1itsXi0_N91b1Fu7A,Café Mori,€,27,4.5,+493066300330,4592.258268710848,52.49828,13.42842,Berlin,10999,Wiener Str. 13
260,indonesian,Indonesian,ritX3Ont64mOOnz7fpXK2w,Handoyo's,€€,17,5.0,+493028866935,4686.301733521925,52.4979563,13.3219313,Berlin,10719,Ludwigkirchplatz 2
261,international,International,ZH45oUC5RxiUEao2Wpx4eQ,L.A. Café,€€€,2,5.0,+493026023135,2748.616798443659,52.507,13.347,Berlin,10787,Budapester Str. 2
262,tradamerican,American (Traditional),ZH45oUC5RxiUEao2Wpx4eQ,L.A. Café,€€€,2,5.0,+493026023135,2748.616798443659,52.507,13.347,Berlin,10787,Budapester Str. 2
263,tea,Tea Rooms,-UHEwczCb_S5VaE1qR9s3w,Cozymazu,€,15,4.5,+4915152147750,2356.8774214870396,52.54186,13.35601,Berlin,13353,Sprengelstr. 39
264,taiwanese,Taiwanese,-UHEwczCb_S5VaE1qR9s3w,Cozymazu,€,15,4.5,+4915152147750,2356.8774214870396,52.54186,13.35601,Berlin,13353,Sprengelstr. 39
265,vietnamese,Vietnamese,1z-RhjxQ3u4NW4K8L3r4BQ,Cô Chu,€€,56,4.0,+493030881587,957.7624935012492,52.5311467,13.3846524,Berlin,10115,Invalidenstr. 29
266,german,German,Tz-oVU61wiWbBVyrO4pVDw,Hugos,€€€€,37,5.0,+493026021263,2884.222989886043,52.5067370121557,13.3446375008916,Berlin,10787,Budapester Str. 2
267,modern_european,Modern European,Tz-oVU61wiWbBVyrO4pVDw,Hugos,€€€€,37,5.0,+493026021263,2884.222989886043,52.5067370121557,13.3446375008916,Berlin,10787,Budapester Str. 2
268,german,German,CFmzVouDCq3Cf9DKKy9rLA,Zur kleinen Markthalle,€€,75,4.5,+49306142356,3559.775687754574,52.50376,13.41619,Berlin,10969,Legiendamm 32
269,mideastern,Middle Eastern,Zlc4fABIurFE2tIWMPEGxw,Akko Restaurant,€,16,4.5,+493049807544,3079.3478879953177,52.5519,13.3812,Berlin,13357,Pankstr. 52
270,foodstands,Food Stands,Zlc4fABIurFE2tIWMPEGxw,Akko Restaurant,€,16,4.5,+493049807544,3079.3478879953177,52.5519,13.3812,Berlin,13357,Pankstr. 52
271,cafes,Cafes,jhUw313dYI5Z3L9R-89-vw,Quà Phê,€,43,4.5,+493097005479,2236.505393442626,52.5266571913848,13.4087044028137,Berlin,10119,Max-Beer-Str. 37
272,vietnamese,Vietnamese,jhUw313dYI5Z3L9R-89-vw,Quà Phê,€,43,4.5,+493097005479,2236.505393442626,52.5266571913848,13.4087044028137,Berlin,10119,Max-Beer-Str. 37
273,buffets,Buffets,Y8X8TDCQClaL50z_MJnLKA,Buffalo Grill,€€,9,4.0,+493045086790,5312.68839919985,52.50078,13.3077,Berlin,10629,Wilmersdorfer Str. 92-93
274,steak,Steakhouses,Y8X8TDCQClaL50z_MJnLKA,Buffalo Grill,€€,9,4.0,+493045086790,5312.68839919985,52.50078,13.3077,Berlin,10629,Wilmersdorfer Str. 92-93
275,italian,Italian,Y8X8TDCQClaL50z_MJnLKA,Buffalo Grill,€€,9,4.0,+493045086790,5312.68839919985,52.50078,13.3077,Berlin,10629,Wilmersdorfer Str. 92-93
276,cafes,Cafes,0r_SE1EJITCqmKWLZ6Xxng,Latrio,€,14,4.5,+493063969072,1581.5927203199485,52.5232031880503,13.3991493418332,Berlin,10178,Monbijouplatz 4
277,breakfast_brunch,Breakfast & Brunch,0r_SE1EJITCqmKWLZ6Xxng,Latrio,€,14,4.5,+493063969072,1581.5927203199485,52.5232031880503,13.3991493418332,Berlin,10178,Monbijouplatz 4
278,mediterranean,Mediterranean,BMIiL9MWQSuS-kg_D-i3_w,Night Kitchen,€€,17,4.0,+493023575075,1233.7407387894953,52.525631,13.393978,Berlin,10117,Oranienburger Str. 32
279,gastropubs,Gastropubs,BMIiL9MWQSuS-kg_D-i3_w,Night Kitchen,€€,17,4.0,+493023575075,1233.7407387894953,52.525631,13.393978,Berlin,10117,Oranienburger Str. 32
280,restaurants,Restaurants,0ke-S4TThBI9Kvkb2RdjEA,FRAI,,6,5.0,+493092031792,3333.82876422087,52.50555,13.33754,Berlin,10787,Budapester Str. 38 - 50
281,juicebars,Juice Bars & Smoothies,v97FuObCRaqDvCoUwKrNrA,My Goodness,,5,4.5,+4915905708781,1860.3141333413014,52.5335124,13.398916,Berlin,10119,Brunnenstr. 24
282,breakfast_brunch,Breakfast & Brunch,v97FuObCRaqDvCoUwKrNrA,My Goodness,,5,4.5,+4915905708781,1860.3141333413014,52.5335124,13.398916,Berlin,10119,Brunnenstr. 24
283,vegan,Vegan,v97FuObCRaqDvCoUwKrNrA,My Goodness,,5,4.5,+4915905708781,1860.3141333413014,52.5335124,13.398916,Berlin,10119,Brunnenstr. 24
284,vietnamese,Vietnamese,4O3PaADEpxmiNQa94_pWBQ,Nôm Nôm Street,,1,5.0,+493033854880,572.7276115037263,52.52902,13.3793,Berlin,10115,Platz vor dem Neuen Tor 2
285,laotian,Laotian,Yiv2p7StX3_b2rchYMLKbQ,Hangmee,€€,30,4.0,+493082717447,5664.921920387575,52.513,13.45755,Berlin,10245,Boxhagener Str. 108
286,thai,Thai,Yiv2p7StX3_b2rchYMLKbQ,Hangmee,€€,30,4.0,+493082717447,5664.921920387575,52.513,13.45755,Berlin,10245,Boxhagener Str. 108
287,chinese,Chinese,v_kye9JFWW8bi4z_XBn6pw,Shaniu's House of Noodles,€,61,4.5,+493091552605,4527.597974695826,52.496,13.32791,Berlin,10719,Pariser Str. 58
288,korean,Korean,v_kye9JFWW8bi4z_XBn6pw,Shaniu's House of Noodles,€,61,4.5,+493091552605,4527.597974695826,52.496,13.32791,Berlin,10719,Pariser Str. 58
289,burgers,Burgers,O2cH4_nCa8Uw5lH7rb8yVg,Marthas,,3,4.5,,3609.0969138742016,52.492679,13.387163,Berlin,10961,Mehringdamm 40
290,hotdogs,Fast Food,O2cH4_nCa8Uw5lH7rb8yVg,Marthas,,3,4.5,,3609.0969138742016,52.492679,13.387163,Berlin,10961,Mehringdamm 40
291,greek,Greek,EIfQJCBkggq75CkFr3LaTQ,Taverna Amphipolis,€€,35,4.5,+49303951556,2356.6771189109495,52.52854,13.34169,Berlin,10551,Wilhelmshavener Str. 6
292,kebab,Kebab,MDtitfDNcGGmHqMNS0Wh3w,Rüyam Gemüse Kebab 2,€,24,5.0,+493041717017,3061.316575792048,52.54054,13.41257,Berlin,10435,Schönhauser Allee 44   A
293,falafel,Falafel,MDtitfDNcGGmHqMNS0Wh3w,Rüyam Gemüse Kebab 2,€,24,5.0,+493041717017,3061.316575792048,52.54054,13.41257,Berlin,10435,Schönhauser Allee 44   A
294,portuguese,Portuguese,sg7zPDcRVx2PQzMfOk1yCQ,NATA Lisboa,€,7,4.5,+493035516514,4908.950670576405,52.4986,13.3169899999999,Berlin,10707,Pariser Str. 24
295,salad,Salad,qADwq2BLQd9AnwTd9C-arA,beets&roots,,10,4.5,,862.387638438603,52.518439,13.383977,Berlin,10117,Dorotheenstr. 83
296,hotdogs,Fast Food,oFPpH9LpfxiW7dNz2JmvsA,The Poutine Kitchen,,4,5.0,+491777811419,2548.9189380903435,52.52748,13.33856,Berlin,10551,Arminiusstr. 2 - 4
297,german,German,6FRBE6pV5tv8n_LmQEvMpg,Boulevard Friedrichstrasse,€€,59,4.0,+49302833437,863.975861297993,52.52312,13.38848,Berlin,10117,Friedrichstr. 106 C
298,steak,Steakhouses,6FRBE6pV5tv8n_LmQEvMpg,Boulevard Friedrichstrasse,€€,59,4.0,+49302833437,863.975861297993,52.52312,13.38848,Berlin,10117,Friedrichstr. 106 C
299,lebanese,Lebanese,QwYV3fTxW0jwJ_S32oY5Bw,Casalot Restaurant,€€,85,4.0,+493027572210,709.7234054602819,52.52454,13.38632,Berlin,10117,Claire-Waldoff-Str. 5
300,arabian,Arabian,QwYV3fTxW0jwJ_S32oY5Bw,Casalot Restaurant,€€,85,4.0,+493027572210,709.7234054602819,52.52454,13.38632,Berlin,10117,Claire-Waldoff-Str. 5
301,italian,Italian,-z7I1l2cbaDxrjkgFP6dpg,Agata Torrisi,,7,5.0,+493027595333,1320.2942089433577,52.5362,13.378,Berlin,10115,Wöhlertstr. 5
302,cafes,Cafes,ZPxCnswsriX1uJungiNYXQ,Black Apron,,2,5.0,+493091469449,1793.1202180835517,52.5326894413521,13.3985894773155,Berlin,10115,Invalidenstr. 1
303,coffee,Coffee & Tea,ZPxCnswsriX1uJungiNYXQ,Black Apron,,2,5.0,+493091469449,1793.1202180835517,52.5326894413521,13.3985894773155,Berlin,10115,Invalidenstr. 1
304,bakeries,Bakeries,ZPxCnswsriX1uJungiNYXQ,Black Apron,,2,5.0,+493091469449,1793.1202180835517,52.5326894413521,13.3985894773155,Berlin,10115,Invalidenstr. 1
305,italian,Italian,WtrgSwkNG3edoWCgtHyRwg,Supersonico,,4,4.5,+493046799360,2307.1104661395902,52.53943,13.39949,Berlin,13355,Bernauer Str. 71/72
306,cafes,Cafes,ntJnEytOqq20pBuoYON3IQ,My deli love,,3,5.0,+493028420424,2517.911758501493,52.5049566743932,13.3567772805691,Berlin,10785,Lützowstr. 46
307,juicebars,Juice Bars & Smoothies,ntJnEytOqq20pBuoYON3IQ,My deli love,,3,5.0,+493028420424,2517.911758501493,52.5049566743932,13.3567772805691,Berlin,10785,Lützowstr. 46
308,hotdogs,Fast Food,ytavOgnYV6bGip81kfFrjw,Habba Habba,€€,65,4.5,+493036745726,2798.7835254219176,52.5388278231387,13.4097563701135,Berlin,10435,Kastanienallee 15
309,cafes,Cafes,z9h0reU5H6R4nxkRJavOVw,Café BOM,€,6,4.5,,3629.6132732334154,52.5489694994281,13.4111824646759,Berlin,10437,Kopenhagener Str. 7
310,korean,Korean,z9h0reU5H6R4nxkRJavOVw,Café BOM,€,6,4.5,,3629.6132732334154,52.5489694994281,13.4111824646759,Berlin,10437,Kopenhagener Str. 7
311,bars,Bars,C5BOUGZf3C_t_LuH72RO7g,Katz Orange,€€€,149,4.0,+4930983208430,1493.9347412208053,52.5316049568673,13.3944925321961,Berlin,10115,Bergstr. 22
312,german,German,C5BOUGZf3C_t_LuH72RO7g,Katz Orange,€€€,149,4.0,+4930983208430,1493.9347412208053,52.5316049568673,13.3944925321961,Berlin,10115,Bergstr. 22
313,german,German,CJI0lNKQHwaBwo8Oi9kCFQ,Nobelhart & Schmutzig,€€€€,30,4.0,+493025940610,2338.649249355039,52.5053609553355,13.3905452862382,Berlin,10969,Friedrichstr. 218
314,dimsum,Dim Sum,byr4TiLXsqymYGlR8G-AGQ,The Flying Monkey,€€,30,4.0,+493037475564,2795.059899473598,52.5388499,13.4096637,Berlin,10435,Kastanienallee 15
315,mexican,Mexican,jHWc25Z4qdGG0sQ32soj8g,Berlin Burrito Company,€,28,3.5,+493041725999,2243.4483826343685,52.5337715,13.4052095,Berlin,10119,Kastanienallee 59
316,hotdogs,Fast Food,jHWc25Z4qdGG0sQ32soj8g,Berlin Burrito Company,€,28,3.5,+493041725999,2243.4483826343685,52.5337715,13.4052095,Berlin,10119,Kastanienallee 59
317,vietnamese,Vietnamese,6QpwBQNHGAG4Sx-UX_tSbA,Monsieur Vuong,€€,619,4.0,+493099296924,2184.6733193888795,52.526669,13.407931,Berlin,10119,Alte Schönhauser Str. 46
318,hotdogs,Fast Food,AKpMP3N0RCzvD_R_g0d1BQ,Mahlzeit Luise,€,17,4.5,+491637388581,401.99860288026167,52.5219116,13.37994,Berlin,10117,Luisenstr. 39
319,indonesian,Indonesian,vVV5WGP6fUD1JUlcPbjOqA,Mabuhay,€,111,4.5,+49302651867,2234.217273182384,52.5043065306623,13.3762002037048,Berlin,10963,Köthener Str. 28
320,panasian,Pan Asian,vVV5WGP6fUD1JUlcPbjOqA,Mabuhay,€,111,4.5,+49302651867,2234.217273182384,52.5043065306623,13.3762002037048,Berlin,10963,Köthener Str. 28
321,chinese,Chinese,NobvMPmPpk1BLvne2kRbjQ,The Tree,€€,17,4.5,+493067961848,1829.252246785691,52.5338,13.39814,Berlin,10119,Brunnenstr. 167
322,international,International,9v1zI72uVZJMaX4WRmVhDg,Paris-Moskau,€€€,85,4.0,+49303942081,796.7511605013716,52.522576,13.364465,Berlin,10557,Alt Moabit 141
323,breakfast_brunch,Breakfast & Brunch,dAoFg_WYMGx-Iy-fG3L6gg,Schwarzwaldstuben,€€,174,4.0,+493028098084,1212.1030122471843,52.52764,13.39299,Berlin,10117,Tucholskystr. 48
324,swabian,Swabian,dAoFg_WYMGx-Iy-fG3L6gg,Schwarzwaldstuben,€€,174,4.0,+493028098084,1212.1030122471843,52.52764,13.39299,Berlin,10117,Tucholskystr. 48
325,baden,Baden,dAoFg_WYMGx-Iy-fG3L6gg,Schwarzwaldstuben,€€,174,4.0,+493028098084,1212.1030122471843,52.52764,13.39299,Berlin,10117,Tucholskystr. 48
326,vietnamese,Vietnamese,bCGx4KVMXu86_SLGqKGR0A,Soy,€€,72,4.5,+493023405890,2410.050198504715,52.5260492478547,13.4113750767244,Berlin,10178,Rosa-Luxemburg-Str. 30
327,vegan,Vegan,bCGx4KVMXu86_SLGqKGR0A,Soy,€€,72,4.5,+493023405890,2410.050198504715,52.5260492478547,13.4113750767244,Berlin,10178,Rosa-Luxemburg-Str. 30
328,cocktailbars,Cocktail Bars,uAnnDV0pZOr8UpjtFTQjEw,ORA,€€,32,4.0,+493054861070,3728.066823670352,52.501344,13.416058,Berlin,10999,Oranienplatz 14
329,german,German,uAnnDV0pZOr8UpjtFTQjEw,ORA,€€,32,4.0,+493054861070,3728.066823670352,52.501344,13.416058,Berlin,10999,Oranienplatz 14
330,russian,Russian,eN8wEgIfEDfqQZeoQD6KKg,Pasternak,€€,160,4.0,+49304413399,3127.0132840864344,52.53479,13.4186,Berlin,10405,Knaackstr. 22/24
331,jewish,Jewish,eN8wEgIfEDfqQZeoQD6KKg,Pasternak,€€,160,4.0,+49304413399,3127.0132840864344,52.53479,13.4186,Berlin,10405,Knaackstr. 22/24
332,syrian,Syrian,98Zfb3fB030EReQtXQ1U_Q,Simsim,,8,4.5,+493048491035,3115.5715846209823,52.536808,13.417149,Berlin,10435,Husemannstr. 1
333,lebanese,Lebanese,98Zfb3fB030EReQtXQ1U_Q,Simsim,,8,4.5,+493048491035,3115.5715846209823,52.536808,13.417149,Berlin,10435,Husemannstr. 1
334,vietnamese,Vietnamese,KnwH5D4sCuHfeyfci6gIAQ,Restaurant Van-Long,€€,48,4.0,+49302823570,725.0806421600714,52.5238,13.38649,Berlin,10117,Reinhardtstr. 8
335,thai,Thai,KnwH5D4sCuHfeyfci6gIAQ,Restaurant Van-Long,€€,48,4.0,+49302823570,725.0806421600714,52.5238,13.38649,Berlin,10117,Reinhardtstr. 8
336,international,International,crOe0Eguyp-R-yQNetpehw,Restaurant Bastard,€€,165,4.5,+493054821866,4982.342672520447,52.49529,13.43188,Berlin,10999,Reichenberger Str. 122
337,breakfast_brunch,Breakfast & Brunch,crOe0Eguyp-R-yQNetpehw,Restaurant Bastard,€€,165,4.5,+493054821866,4982.342672520447,52.49529,13.43188,Berlin,10999,Reichenberger Str. 122
338,cafes,Cafes,crOe0Eguyp-R-yQNetpehw,Restaurant Bastard,€€,165,4.5,+493054821866,4982.342672520447,52.49529,13.43188,Berlin,10999,Reichenberger Str. 122
339,cafes,Cafes,JCkiG_gEVjJrtHrZ91Z8qQ,1900 Café,€€,182,4.5,+493088715871,4262.0073423679105,52.50395,13.32246,Berlin,10623,Knesebeckstr. 76
340,german,German,FsUeAFVH52RKW3rJ37EEkg,Lokal,€€€,79,4.0,+493028449500,1339.5209247452779,52.5279,13.3948,Berlin,10115,Linienstr. 160
341,filipino,Filipino,TOIgv6eWtLQlx_-kkv9llg,Ayan,€€,12,4.0,+493023913657,2443.6289760836557,52.503222,13.3662007,Berlin,10785,Potsdamer Str. 69
342,italian,Italian,5RGkoBe8eq0joUDfT6j7XA,Sapori di Casa,€€,3,5.0,+493028424572,1706.5040159390705,52.52748,13.35132,Berlin,10559,Wilsnacker Str. 61
343,pizza,Pizza,5RGkoBe8eq0joUDfT6j7XA,Sapori di Casa,€€,3,5.0,+493028424572,1706.5040159390705,52.52748,13.35132,Berlin,10559,Wilsnacker Str. 61
344,steak,Steakhouses,E6mgzl1_cCiP__BAzebtVw,Midtown Grill,€€€,150,4.0,+4930220005415,1481.0970313755627,52.51108,13.3765699,Berlin,10117,Ebertstr. 3
345,bbq,Barbeque,E6mgzl1_cCiP__BAzebtVw,Midtown Grill,€€€,150,4.0,+4930220005415,1481.0970313755627,52.51108,13.3765699,Berlin,10117,Ebertstr. 3
346,currysausage,Curry Sausage,8i5Qrf1-TzmBQcTVGQZQnA,Best Curry Berlin,,9,4.5,+493092158611,1577.0245103531977,52.510495,13.380457,Berlin,10117,Leipziger Platz 12
347,hotdogs,Fast Food,8i5Qrf1-TzmBQcTVGQZQnA,Best Curry Berlin,,9,4.5,+493092158611,1577.0245103531977,52.510495,13.380457,Berlin,10117,Leipziger Platz 12
348,international,International,LMfMloyMN_8040rbywL30w,Chipps,€€,208,4.0,+493036444588,1840.9235040865385,52.51439,13.39755,Berlin,10117,Jägerstr. 35
349,breakfast_brunch,Breakfast & Brunch,LMfMloyMN_8040rbywL30w,Chipps,€€,208,4.0,+493036444588,1840.9235040865385,52.51439,13.39755,Berlin,10117,Jägerstr. 35
350,breakfast_brunch,Breakfast & Brunch,SUJH1XaIzaQscd8TthTi4g,The Last Morning On Earth,,2,4.5,+4917655436999,5943.186196012475,52.483231,13.431855,Berlin,12043,Karl-Marx-Str. 55
351,popuprestaurants,Pop-Up Restaurants,SUJH1XaIzaQscd8TthTi4g,The Last Morning On Earth,,2,4.5,+4917655436999,5943.186196012475,52.483231,13.431855,Berlin,12043,Karl-Marx-Str. 55
352,italian,Italian,sMmF7rjTQ_K0nPzJ4c8IeA,Uferlos,€€,29,4.0,+493046600510,2922.7736895588127,52.55052,13.3733,Berlin,13357,Uferstr. 13
353,beergarden,Beer Garden,sMmF7rjTQ_K0nPzJ4c8IeA,Uferlos,€€,29,4.0,+493046600510,2922.7736895588127,52.55052,13.3733,Berlin,13357,Uferstr. 13
354,german,German,sMmF7rjTQ_K0nPzJ4c8IeA,Uferlos,€€,29,4.0,+493046600510,2922.7736895588127,52.55052,13.3733,Berlin,13357,Uferstr. 13
355,persian,Persian/Iranian,bWlfsdLjN-8f5uWzDd49QQ,Persepolis,€€,38,4.0,+493045086734,2944.6032900849063,52.5024109,13.35182,Berlin,10785,Kurfürstenstr. 127
356,japanese,Japanese,8IdTGr5bKJTJ-T9rrGOFSw,Roji - Taste of Japan,,18,4.5,+493029684488,5301.049532651779,52.569022,13.403444,Berlin,13187,Mühlenstr. 1
357,indpak,Indian,kMVjwEuWhmSIpqEHjb13AQ,SWADISHTA,,2,5.0,+493025460445,2915.8748699046805,52.5018564223534,13.3538385771951,Berlin,10785,Kurfürstenstr. 131 A
358,vegetarian,Vegetarian,kMVjwEuWhmSIpqEHjb13AQ,SWADISHTA,,2,5.0,+493025460445,2915.8748699046805,52.5018564223534,13.3538385771951,Berlin,10785,Kurfürstenstr. 131 A
359,vegan,Vegan,kMVjwEuWhmSIpqEHjb13AQ,SWADISHTA,,2,5.0,+493025460445,2915.8748699046805,52.5018564223534,13.3538385771951,Berlin,10785,Kurfürstenstr. 131 A
360,turkish,Turkish,D7KQur5v_-TLOu3kYENNtA,Fes - Turkish BBQ,€€,66,4.5,+493023917778,4498.213819043363,52.4892097434546,13.4086412539623,Berlin,10967,Hasenheide 58
361,bbq,Barbeque,D7KQur5v_-TLOu3kYENNtA,Fes - Turkish BBQ,€€,66,4.5,+493023917778,4498.213819043363,52.4892097434546,13.4086412539623,Berlin,10967,Hasenheide 58
362,pakistani,Pakistani,ZEUm1htbgBHyjR0E0YjlBg,Shalimar,€€,68,4.5,+49304944028,3203.344041087722,52.55233,13.38745,Berlin,13357,Bellermannstr. 17 A
363,german,German,A4YUIQQEBkXCMJ38JovZ3w,Lichtburg,€€,40,4.0,+493049910930,2997.688113912763,52.550324,13.388007,Berlin,13357,Behmstr. 9
364,italian,Italian,A4YUIQQEBkXCMJ38JovZ3w,Lichtburg,€€,40,4.0,+493049910930,2997.688113912763,52.550324,13.388007,Berlin,13357,Behmstr. 9
365,cafes,Cafes,C1tLU7lS5M1lM5tw-03YlQ,Palladium Berlin,,1,5.0,+493025765511,1573.267404074851,52.5222506560251,13.3988392530161,Berlin,10178,Stadtbahnbogen 157/158
366,cocktailbars,Cocktail Bars,C1tLU7lS5M1lM5tw-03YlQ,Palladium Berlin,,1,5.0,+493025765511,1573.267404074851,52.5222506560251,13.3988392530161,Berlin,10178,Stadtbahnbogen 157/158
367,german,German,C1tLU7lS5M1lM5tw-03YlQ,Palladium Berlin,,1,5.0,+493025765511,1573.267404074851,52.5222506560251,13.3988392530161,Berlin,10178,Stadtbahnbogen 157/158
368,korean,Korean,hjbW4gYuu1gQ5HQBN63O7g,Ixthys,€€,146,4.0,+493081474769,3618.6109157663795,52.49458,13.35431,Berlin,10781,Pallasstr. 21
369,turkish,Turkish,boBcF__ECw8h5TZuEneI_w,Mustafa Demir's Gemüse Kebap,,18,4.0,,1760.6194406128182,52.5227985331791,13.4017449149208,Berlin,10178,Neue Promenade 7
370,kebab,Kebab,boBcF__ECw8h5TZuEneI_w,Mustafa Demir's Gemüse Kebap,,18,4.0,,1760.6194406128182,52.5227985331791,13.4017449149208,Berlin,10178,Neue Promenade 7
371,vietnamese,Vietnamese,mew6vrGRsbf6ZKtd-N7bBw,Mivadu,€,13,4.5,+493084711053,1845.2340818257132,52.5288064404927,13.4021506546444,Berlin,10119,Rosenthaler Str. 69
372,soup,Soup,mew6vrGRsbf6ZKtd-N7bBw,Mivadu,€,13,4.5,+493084711053,1845.2340818257132,52.5288064404927,13.4021506546444,Berlin,10119,Rosenthaler Str. 69
373,salad,Salad,lWoWrcvAAmVRYJEYcQal_g,Little Green Rabbit - Gendarmenmarkt,€€,24,4.5,+493091464481,1769.7793024937653,52.5139491,13.3955845,Berlin,10117,Jägerstr. 27
374,soup,Soup,lWoWrcvAAmVRYJEYcQal_g,Little Green Rabbit - Gendarmenmarkt,€€,24,4.5,+493091464481,1769.7793024937653,52.5139491,13.3955845,Berlin,10117,Jägerstr. 27
375,juicebars,Juice Bars & Smoothies,lWoWrcvAAmVRYJEYcQal_g,Little Green Rabbit - Gendarmenmarkt,€€,24,4.5,+493091464481,1769.7793024937653,52.5139491,13.3955845,Berlin,10117,Jägerstr. 27
376,asianfusion,Asian Fusion,vAESW9MVcHTD0MRD7f9zHQ,Umi Gendai No Kaishaku,,1,5.0,+4917623755909,3802.7228599268633,52.5536578900148,13.3467468246818,Berlin,13349,Müllerstr. 55 a
377,sushi,Sushi Bars,vAESW9MVcHTD0MRD7f9zHQ,Umi Gendai No Kaishaku,,1,5.0,+4917623755909,3802.7228599268633,52.5536578900148,13.3467468246818,Berlin,13349,Müllerstr. 55 a
378,japanese,Japanese,vAESW9MVcHTD0MRD7f9zHQ,Umi Gendai No Kaishaku,,1,5.0,+4917623755909,3802.7228599268633,52.5536578900148,13.3467468246818,Berlin,13349,Müllerstr. 55 a
379,chinese,Chinese,KU0zyo01_6DbSw-Iv34zlA,China Restaurant HuaTing,€€,17,4.5,+49302495089,3645.473097942392,52.5180308,13.4285487,Berlin,10243,Strausberger Platz 13
380,panasian,Pan Asian,KU0zyo01_6DbSw-Iv34zlA,China Restaurant HuaTing,€€,17,4.5,+49302495089,3645.473097942392,52.5180308,13.4285487,Berlin,10243,Strausberger Platz 13
381,german,German,b9ZTOgx8HrBy0mryV8r4WA,Restaurant DATA KITCHEN,€,5,5.0,+493068073040,1816.2016246831604,52.5242736,13.4026993,Berlin,10178,Rosenthaler Str. 38
382,turkish,Turkish,hKww8OJOP0m-HF02b9cXSQ,Sofra Grill,€,21,4.5,+4949304947036,3449.7101370994956,52.5549812,13.3842897,Berlin,13357,Bellermannstr. 99
383,japanese,Japanese,58rr51yN1xFJyggt6PhAQg,Kyō Grill,€€,26,4.5,+493031173692,2672.373235937219,52.53783,13.40865,Berlin,10435,Kastanienallee 23
384,bbq,Barbeque,58rr51yN1xFJyggt6PhAQg,Kyō Grill,€€,26,4.5,+493031173692,2672.373235937219,52.53783,13.40865,Berlin,10435,Kastanienallee 23
385,sushi,Sushi Bars,tj8B6fPOSq-JJHAVpEg4eQ,I-Ke-Su,€€,117,4.5,+493088910939,4489.322983581509,52.49855,13.32485,Berlin,10719,Uhlandstr. 157
386,breakfast_brunch,Breakfast & Brunch,6Ek2tWEgAOtzPejS2gdbvw,Benedict,€€,133,4.0,+4930994040997,4661.6350815427395,52.49683,13.32393,Berlin,10719,Uhlandstr. 49
387,international,International,6Ek2tWEgAOtzPejS2gdbvw,Benedict,€€,133,4.0,+4930994040997,4661.6350815427395,52.49683,13.32393,Berlin,10719,Uhlandstr. 49
388,bangladeshi,Bangladeshi,UxNSAEbWia001jujRNwH-Q,Voson Bilash,€€,1,5.0,+493047594979,4237.353602112358,52.524715,13.313294,Berlin,10589,Goslarer Platz 5
389,korean,Korean,qL4HXzMlxztyGaKHkvFtVQ,CHIBEE,€,10,4.0,+493022326105,2458.5310764231854,52.542915,13.356136,Berlin,13353,Tegeler Str. 29 a
390,italian,Italian,lKdc11vjVPHJThMyz-JiIA,A Posto,€€,76,4.0,+493027595559,1637.939123884802,52.52269,13.39972,Berlin,10178,Monbijouplatz 12
391,pizza,Pizza,lKdc11vjVPHJThMyz-JiIA,A Posto,€€,76,4.0,+493027595559,1637.939123884802,52.52269,13.39972,Berlin,10178,Monbijouplatz 12
392,african,African,WojT8tECn72fHLuoiIYZ4Q,Pan Africa Restaurant,€€,16,4.5,+493054891287,7346.871511773748,52.472388,13.44278,Berlin,12055,Kirchhofstr. 41
393,vegetarian,Vegetarian,EaNxb_VEMtAR4ykn7MC10w,Savory Chay,€€,22,4.5,+493020647692,1677.8641719164239,52.5112499,13.38801,Berlin,10117,Kronenstr. 70
394,panasian,Pan Asian,EaNxb_VEMtAR4ykn7MC10w,Savory Chay,€€,22,4.5,+493020647692,1677.8641719164239,52.5112499,13.38801,Berlin,10117,Kronenstr. 70
395,panasian,Pan Asian,cBFKsKx4VK2j5gE8mjFWyg,Royals & Rice,€€,56,4.0,+493066405111,1464.8351095146093,52.5288899,13.39605,Berlin,10115,Torstr. 164
396,indpak,Indian,__od-DaD6ylYFm4RmZuxmQ,Anand,€€,44,4.0,+493040054759,703.8036149913029,52.5212176252236,13.3848483472214,Berlin,10117,Albrechtstr. 12
397,pizza,Pizza,xY9KgvVRdF_RZ0zCSZCbqA,Calice d´Oro,,4,4.5,+493020219190,1184.1122705791056,52.51661,13.38794,Berlin,10117,Unter den Linden 39
398,cambodian,Cambodian,pi4ePfNrVKBsjakbb5j17Q,Angkor Wat,€€,44,4.0,+49303933922,1415.3862775587734,52.52041,13.35604,Berlin,10557,Paulstr. 22
399,panasian,Pan Asian,pi4ePfNrVKBsjakbb5j17Q,Angkor Wat,€€,44,4.0,+49303933922,1415.3862775587734,52.52041,13.35604,Berlin,10557,Paulstr. 22
