id,category_alias,category_title,restaurant_id,restaurant_name,restaurant_price,restaurant_review_count,restaurant_rating,restaurant_phone,restaurant_distance,restaurant_coordinates_latitude,restaurant_coordinates_longitude,restaurant_location_zip_code,restaurant_location_address1
0,german,German,8uBE9ZgfZOM2z_Rllw478Q,Stadtklause,€,172,4.5,+493051056381,2205.244050414826,52.504779,13.380618,10963,Bernburger Str. 35
1,modern_european,Modern European,6BCLgz8j6j2em7XLLsXoow,Lorenz Adlon Esszimmer,€€€€,67,5.0,+493022611960,969.3816096240975,52.516109,13.380014,10117,Unter den Linden 77
2,ramen,Ramen,jIddBhydYQEOECaa199Hag,Cocolo Ramen,€€,293,4.0,+493098339073,1612.2813770372095,52.52718,13.39934,10119,Gipsstr. 3
3,burgers,Burgers,yAhYpg2GGeEUV2Li7HOp8g,Momotaro Tavern,€€,57,4.5,+4915203708888,2315.5159976568266,52.521213,13.4096765920655,10178,Panoramastr. 1 A
4,asianfusion,Asian Fusion,yAhYpg2GGeEUV2Li7HOp8g,Momotaro Tavern,€€,57,4.5,+4915203708888,2315.5159976568266,52.521213,13.4096765920655,10178,Panoramastr. 1 A
5,arabian,Arabian,zoV7ywdHBys01E2ndtzZ3Q,Cana Restaurant,€€,49,4.5,+493024083280,2610.3392219279554,52.5122795127759,13.4088950945122,10179,Neue Roßstr. 11 - 12
6,breakfast_brunch,Breakfast & Brunch,Eobze0Xon9szj_2nj7BrUQ,FACTORY GIRL,€€,262,4.0,+493045950405,1588.9623906143374,52.527302,13.398852,10119,Auguststr. 29 C
7,cafes,Cafes,Eobze0Xon9szj_2nj7BrUQ,FACTORY GIRL,€€,262,4.0,+493045950405,1588.9623906143374,52.527302,13.398852,10119,Auguststr. 29 C
8,desserts,Desserts,Eobze0Xon9szj_2nj7BrUQ,FACTORY GIRL,€€,262,4.0,+493045950405,1588.9623906143374,52.527302,13.398852,10119,Auguststr. 29 C
9,indpak,Indian,1EQUHShNgesuKm-5LEfaeg,AmmAmma,€,138,4.5,+493074073516,4357.7835202157885,52.49198,13.41188,10967,Urbanstr. 28 a
10,dimsum,Dim Sum,yqX-QbXxw3BCoBgnaqrOqw,Lecker Song,€,77,4.5,+493026374447,3744.1480658188448,52.544112,13.420731,10437,Schliemannstr. 19
11,german,German,dXiRPNAnhCMOykD53SFsXQ,Aigner Gendarmenmarkt,€€€,120,4.0,+4930203751850,1477.6131229937992,52.5146991,13.3907825,10117,Französischestr. 25
12,austrian,Austrian,dXiRPNAnhCMOykD53SFsXQ,Aigner Gendarmenmarkt,€€€,120,4.0,+4930203751850,1477.6131229937992,52.5146991,13.3907825,10117,Französischestr. 25
13,tradamerican,American (Traditional),OACJ6kJYAorqcI0_FfeSZg,Southern Vittles,,10,4.5,+4915229420749,3268.3678423708984,52.54142,13.41526,10437,Lychener Str. 6
14,international,International,UzXq4QuasWnooTzHQlsMJg,Muse,€€,60,4.5,+493040056289,3352.0209794086654,52.53299,13.42322,10405,Immanuelkirchstr. 31
15,sandwiches,Sandwiches,UzXq4QuasWnooTzHQlsMJg,Muse,€€,60,4.5,+493040056289,3352.0209794086654,52.53299,13.42322,10405,Immanuelkirchstr. 31
16,burgers,Burgers,UzXq4QuasWnooTzHQlsMJg,Muse,€€,60,4.5,+493040056289,3352.0209794086654,52.53299,13.42322,10405,Immanuelkirchstr. 31
17,hotdogs,Fast Food,KP_8I0zN9s50fWWf-S6mgg,Burgermeister,€,715,4.0,+493023883840,5198.937930223258,52.5011,13.442463,10997,Oberbaumstr. 8
18,burgers,Burgers,KP_8I0zN9s50fWWf-S6mgg,Burgermeister,€,715,4.0,+493023883840,5198.937930223258,52.5011,13.442463,10997,Oberbaumstr. 8
19,japanese,Japanese,K3g3Htcj3bTYR1rdWK6oDg,Momiji,€€,12,5.0,+493055286406,4239.249644918006,52.50663,13.32044,10623,Bleibtreustr. 52
20,pizza,Pizza,6xWLh3tMHxwg3o9uSkpF0g,Muckrakers Pizza,€,15,4.5,+493085612456,598.9572473865429,52.522359,13.384006,10117,Marienstr. 18
21,korean,Korean,HKWblNIz05tlm7tH0ROblw,NaNum,,4,4.5,+491772084785,2722.1495188242216,52.5025789213273,13.394095435339,10969,Lindenstr. 90
22,themedcafes,Themed Cafes,HKWblNIz05tlm7tH0ROblw,NaNum,,4,4.5,+491772084785,2722.1495188242216,52.5025789213273,13.394095435339,10969,Lindenstr. 90
23,chocolate,Chocolatiers & Shops,MqiobbxpvGTciQk75G9u2w,Rausch Schokoladenhaus,€€,309,4.5,+4930757880,1719.063263067461,52.51199,13.3913499,10117,Charlottenstr. 60
24,cafes,Cafes,MqiobbxpvGTciQk75G9u2w,Rausch Schokoladenhaus,€€,309,4.5,+4930757880,1719.063263067461,52.51199,13.3913499,10117,Charlottenstr. 60
25,israeli,Israeli,ZTdPX0iOUSjHU3_2jRrYeQ,JOSEPH,,5,4.0,+4930314950700,818.1424669456077,52.525941,13.387679,10117,Friedrichstr. 113
26,ramen,Ramen,UtXUOUPGFyGAwWyEH3sCng,Takumi'9 Sapporo,€€,38,4.5,,794.5626986632531,52.52903,13.38472,10115,Chausseestr. 124
27,korean,Korean,3jR9kN7g6vW1WuPBUe9bZg,Yam Yam,€€,266,4.0,+493024632485,2222.424074744964,52.5275688928154,13.4082897611297,10119,Alte Schönhauser Str. 6
28,tapasmallplates,Tapas/Small Plates,0f3-k1Hyu6__ajXjRpDbCg,Volver,€€,63,4.0,+493027572164,355.7619922746784,52.52228,13.37987,10117,Luisenstr. 41
29,international,International,UzXq4QuasWnooTzHQlsMJg,Muse,€€,60,4.5,+493040056289,3352.0209794086654,52.53299,13.42322,10405,Immanuelkirchstr. 31
30,sandwiches,Sandwiches,UzXq4QuasWnooTzHQlsMJg,Muse,€€,60,4.5,+493040056289,3352.0209794086654,52.53299,13.42322,10405,Immanuelkirchstr. 31
31,burgers,Burgers,UzXq4QuasWnooTzHQlsMJg,Muse,€€,60,4.5,+493040056289,3352.0209794086654,52.53299,13.42322,10405,Immanuelkirchstr. 31
32,hotdogs,Fast Food,KP_8I0zN9s50fWWf-S6mgg,Burgermeister,€,715,4.0,+493023883840,5198.937930223258,52.5011,13.442463,10997,Oberbaumstr. 8
33,burgers,Burgers,KP_8I0zN9s50fWWf-S6mgg,Burgermeister,€,715,4.0,+493023883840,5198.937930223258,52.5011,13.442463,10997,Oberbaumstr. 8
34,japanese,Japanese,K3g3Htcj3bTYR1rdWK6oDg,Momiji,€€,12,5.0,+493055286406,4239.249644918006,52.50663,13.32044,10623,Bleibtreustr. 52
35,pizza,Pizza,6xWLh3tMHxwg3o9uSkpF0g,Muckrakers Pizza,€,15,4.5,+493085612456,598.9572473865429,52.522359,13.384006,10117,Marienstr. 18
36,korean,Korean,HKWblNIz05tlm7tH0ROblw,NaNum,,4,4.5,+491772084785,2722.1495188242216,52.5025789213273,13.394095435339,10969,Lindenstr. 90
37,themedcafes,Themed Cafes,HKWblNIz05tlm7tH0ROblw,NaNum,,4,4.5,+491772084785,2722.1495188242216,52.5025789213273,13.394095435339,10969,Lindenstr. 90
38,chocolate,Chocolatiers & Shops,MqiobbxpvGTciQk75G9u2w,Rausch Schokoladenhaus,€€,309,4.5,+4930757880,1719.063263067461,52.51199,13.3913499,10117,Charlottenstr. 60
39,cafes,Cafes,MqiobbxpvGTciQk75G9u2w,Rausch Schokoladenhaus,€€,309,4.5,+4930757880,1719.063263067461,52.51199,13.3913499,10117,Charlottenstr. 60
40,israeli,Israeli,ZTdPX0iOUSjHU3_2jRrYeQ,JOSEPH,,5,4.0,+4930314950700,818.1424669456077,52.525941,13.387679,10117,Friedrichstr. 113
41,ramen,Ramen,UtXUOUPGFyGAwWyEH3sCng,Takumi'9 Sapporo,€€,38,4.5,,794.5626986632531,52.52903,13.38472,10115,Chausseestr. 124
42,korean,Korean,3jR9kN7g6vW1WuPBUe9bZg,Yam Yam,€€,266,4.0,+493024632485,2222.424074744964,52.5275688928154,13.4082897611297,10119,Alte Schönhauser Str. 6
43,tapasmallplates,Tapas/Small Plates,0f3-k1Hyu6__ajXjRpDbCg,Volver,€€,63,4.0,+493027572164,355.7619922746784,52.52228,13.37987,10117,Luisenstr. 41
44,breakfast_brunch,Breakfast & Brunch,_n0Awcf8FFjXBJaCgXXROw,Café Bondi,€€,109,4.5,,1035.2026097377952,52.53034261696,13.38763160899,10115,Eichendorffstr. 6
45,cafes,Cafes,_n0Awcf8FFjXBJaCgXXROw,Café Bondi,€€,109,4.5,,1035.2026097377952,52.53034261696,13.38763160899,10115,Eichendorffstr. 6
46,french,French,hQ-fr8MvEV5RtJlezni1Pg,LA BUVETTE Steakhouse,€€€,88,4.5,+493094405363,858.1386399721341,52.53113129,13.38205394,10115,Chausseestr. 110
47,brasseries,Brasseries,hQ-fr8MvEV5RtJlezni1Pg,LA BUVETTE Steakhouse,€€€,88,4.5,+493094405363,858.1386399721341,52.53113129,13.38205394,10115,Chausseestr. 110
48,japanese,Japanese,ooJMgzHAeg9XuPbKnkBVng,Ushido,€€€,48,4.5,+493055242448,3378.2181934121986,52.5423217870669,13.4161812346983,10437,Lychener Str. 18
49,bbq,Barbeque,ooJMgzHAeg9XuPbKnkBVng,Ushido,€€€,48,4.5,+493055242448,3378.2181934121986,52.5423217870669,13.4161812346983,10437,Lychener Str. 18
50,japanese,Japanese,vWnOzHkdNBxnVGe-Vbbjyw,Udagawa,€€,53,4.0,+49303123014,4925.257096880612,52.50634,13.30962,10625,Kantstr. 118
51,coffee,Coffee & Tea,vFQkzyNaKXBMZExeHRSOyg,Pret A Manger,,7,4.5,+492078278000,426.20937389649447,52.5243338564226,13.3695555026919,10557,Europaplatz 1
52,breakfast_brunch,Breakfast & Brunch,vFQkzyNaKXBMZExeHRSOyg,Pret A Manger,,7,4.5,+492078278000,426.20937389649447,52.5243338564226,13.3695555026919,10557,Europaplatz 1
53,sandwiches,Sandwiches,vFQkzyNaKXBMZExeHRSOyg,Pret A Manger,,7,4.5,+492078278000,426.20937389649447,52.5243338564226,13.3695555026919,10557,Europaplatz 1
54,chinese,Chinese,7EsX1wNmWwAdYNXwurVtxA,Da Jia Le,€€,62,4.5,+493021459745,3454.808763708114,52.49421,13.36378,10783,Goebenstr. 23
55,oriental,Oriental,KdK273qKNfE4J0AizT2rww,Sabzi,€,18,4.5,+491776712732,264.86630651187755,52.52314,13.379268,10117,Luisenstr. 15
56,hotdogs,Fast Food,KdK273qKNfE4J0AizT2rww,Sabzi,€,18,4.5,+491776712732,264.86630651187755,52.52314,13.379268,10117,Luisenstr. 15
57,mideastern,Middle Eastern,KdK273qKNfE4J0AizT2rww,Sabzi,€,18,4.5,+491776712732,264.86630651187755,52.52314,13.379268,10117,Luisenstr. 15
58,singaporean,Singaporean,0kbsEXLJEdqCwSws7BRqXg,Taste,€,9,4.5,+4917672971948,3171.3641056350543,52.52411,13.32896,10555,Alt-Moabit 54
59,korean,Korean,NnvM46-PnfmEdSYpCP6mGQ,Guten Dag,€,22,4.5,+4917672606287,3678.880194257397,52.5482529804299,13.4135445579886,10437,Schönhauser Allee 120
60,chickenshop,Chicken Shop,NnvM46-PnfmEdSYpCP6mGQ,Guten Dag,€,22,4.5,+4917672606287,3678.880194257397,52.5482529804299,13.4135445579886,10437,Schönhauser Allee 120
61,mediterranean,Mediterranean,JtIJESqexMTtznNchqaG0g,Mezem,€,40,5.0,+4917683220425,4811.574286216521,52.50629,13.311274,10625,Kantstr. 124
62,breakfast_brunch,Breakfast & Brunch,_n0Awcf8FFjXBJaCgXXROw,Café Bondi,€€,109,4.5,,1035.2026097377952,52.53034261696,13.38763160899,10115,Eichendorffstr. 6
63,cafes,Cafes,_n0Awcf8FFjXBJaCgXXROw,Café Bondi,€€,109,4.5,,1035.2026097377952,52.53034261696,13.38763160899,10115,Eichendorffstr. 6
64,french,French,hQ-fr8MvEV5RtJlezni1Pg,LA BUVETTE Steakhouse,€€€,88,4.5,+493094405363,858.1386399721341,52.53113129,13.38205394,10115,Chausseestr. 110
65,brasseries,Brasseries,hQ-fr8MvEV5RtJlezni1Pg,LA BUVETTE Steakhouse,€€€,88,4.5,+493094405363,858.1386399721341,52.53113129,13.38205394,10115,Chausseestr. 110
66,japanese,Japanese,ooJMgzHAeg9XuPbKnkBVng,Ushido,€€€,48,4.5,+493055242448,3378.2181934121986,52.5423217870669,13.4161812346983,10437,Lychener Str. 18
67,bbq,Barbeque,ooJMgzHAeg9XuPbKnkBVng,Ushido,€€€,48,4.5,+493055242448,3378.2181934121986,52.5423217870669,13.4161812346983,10437,Lychener Str. 18
68,japanese,Japanese,vWnOzHkdNBxnVGe-Vbbjyw,Udagawa,€€,53,4.0,+49303123014,4925.257096880612,52.50634,13.30962,10625,Kantstr. 118
69,coffee,Coffee & Tea,vFQkzyNaKXBMZExeHRSOyg,Pret A Manger,,7,4.5,+492078278000,426.20937389649447,52.5243338564226,13.3695555026919,10557,Europaplatz 1
70,breakfast_brunch,Breakfast & Brunch,vFQkzyNaKXBMZExeHRSOyg,Pret A Manger,,7,4.5,+492078278000,426.20937389649447,52.5243338564226,13.3695555026919,10557,Europaplatz 1
71,sandwiches,Sandwiches,vFQkzyNaKXBMZExeHRSOyg,Pret A Manger,,7,4.5,+492078278000,426.20937389649447,52.5243338564226,13.3695555026919,10557,Europaplatz 1
72,chinese,Chinese,7EsX1wNmWwAdYNXwurVtxA,Da Jia Le,€€,62,4.5,+493021459745,3454.808763708114,52.49421,13.36378,10783,Goebenstr. 23
73,oriental,Oriental,KdK273qKNfE4J0AizT2rww,Sabzi,€,18,4.5,+491776712732,264.86630651187755,52.52314,13.379268,10117,Luisenstr. 15
74,hotdogs,Fast Food,KdK273qKNfE4J0AizT2rww,Sabzi,€,18,4.5,+491776712732,264.86630651187755,52.52314,13.379268,10117,Luisenstr. 15
75,mideastern,Middle Eastern,KdK273qKNfE4J0AizT2rww,Sabzi,€,18,4.5,+491776712732,264.86630651187755,52.52314,13.379268,10117,Luisenstr. 15
76,singaporean,Singaporean,0kbsEXLJEdqCwSws7BRqXg,Taste,€,9,4.5,+4917672971948,3171.3641056350543,52.52411,13.32896,10555,Alt-Moabit 54
77,korean,Korean,NnvM46-PnfmEdSYpCP6mGQ,Guten Dag,€,22,4.5,+4917672606287,3678.880194257397,52.5482529804299,13.4135445579886,10437,Schönhauser Allee 120
78,chickenshop,Chicken Shop,NnvM46-PnfmEdSYpCP6mGQ,Guten Dag,€,22,4.5,+4917672606287,3678.880194257397,52.5482529804299,13.4135445579886,10437,Schönhauser Allee 120
79,mediterranean,Mediterranean,JtIJESqexMTtznNchqaG0g,Mezem,€,40,5.0,+4917683220425,4811.574286216521,52.50629,13.311274,10625,Kantstr. 124
80,cafes,Cafes,fYaEKJzXZvaJ0E9HrtEbTg,Du Bonheur,€€,49,4.5,+493056591955,1987.9928244104124,52.5362432,13.3978679,10115,Brunnenstr. 39
81,bakeries,Bakeries,fYaEKJzXZvaJ0E9HrtEbTg,Du Bonheur,€€,49,4.5,+493056591955,1987.9928244104124,52.5362432,13.3978679,10115,Brunnenstr. 39
82,delicatessen,Delicatessen,fYaEKJzXZvaJ0E9HrtEbTg,Du Bonheur,€€,49,4.5,+493056591955,1987.9928244104124,52.5362432,13.3978679,10115,Brunnenstr. 39
83,ramen,Ramen,BoF7-MWqdvCPhAlir9KTJw,ULT Ramen,€,17,4.0,,2933.344720746928,52.54999,13.36533,13347,Schulstr. 29
84,italian,Italian,Uv0i4nrfjgUVJenHbcxlyA,Dolcini,€€,34,4.5,+493024630456,1378.432867680872,52.51384,13.38688,10117,Jägerstr. 70
85,bakeries,Bakeries,ZU-Ff2smJhlL3zqDBmjS7w,Cafe Albrecht,€,9,4.0,+493053156698,561.0560883180382,52.5231500048486,13.3838896792413,10117,Reinhardtstr. 23
86,coffee,Coffee & Tea,ZU-Ff2smJhlL3zqDBmjS7w,Cafe Albrecht,€,9,4.0,+493053156698,561.0560883180382,52.5231500048486,13.3838896792413,10117,Reinhardtstr. 23
87,breakfast_brunch,Breakfast & Brunch,ZU-Ff2smJhlL3zqDBmjS7w,Cafe Albrecht,€,9,4.0,+493053156698,561.0560883180382,52.5231500048486,13.3838896792413,10117,Reinhardtstr. 23
88,wine_bars,Wine Bars,uR7wsySeBtVySv9QO8_hgg,Weingalerie und Café NÖ!,€€,131,4.5,+49302010871,1418.375690635572,52.51327,13.38625,10117,Glinkastr. 23
89,mediterranean,Mediterranean,uR7wsySeBtVySv9QO8_hgg,Weingalerie und Café NÖ!,€€,131,4.5,+49302010871,1418.375690635572,52.51327,13.38625,10117,Glinkastr. 23
90,flatbread,Flatbread,uR7wsySeBtVySv9QO8_hgg,Weingalerie und Café NÖ!,€€,131,4.5,+49302010871,1418.375690635572,52.51327,13.38625,10117,Glinkastr. 23
91,german,German,MV2ZhPtmZQJ2WCVgzEA5XQ,Zur Haxe,€€,82,4.5,+49304216312,4712.711882389639,52.54477,13.43699,10409,Erich-Weinert-Str. 128
92,scottish,Scottish,FqjkhdhJIpxAVFGfytu73A,Hirsch & Hase,,5,5.0,+4917631322073,2281.968223179457,52.542081,13.393723,13355,Brunnenstr. 73
93,beergarden,Beer Garden,FqjkhdhJIpxAVFGfytu73A,Hirsch & Hase,,5,5.0,+4917631322073,2281.968223179457,52.542081,13.393723,13355,Brunnenstr. 73
94,tapasmallplates,Tapas/Small Plates,FqjkhdhJIpxAVFGfytu73A,Hirsch & Hase,,5,5.0,+4917631322073,2281.968223179457,52.542081,13.393723,13355,Brunnenstr. 73
95,french,French,RUH98f6xTacjyDHkOVyoBA,Mirage Bistrot,,3,4.5,+493046992074,2341.426078199031,52.5450588943835,13.3691697567701,13347,Reinickendorfer Str. 110
96,breakfast_brunch,Breakfast & Brunch,RUH98f6xTacjyDHkOVyoBA,Mirage Bistrot,,3,4.5,+493046992074,2341.426078199031,52.5450588943835,13.3691697567701,13347,Reinickendorfer Str. 110
97,mediterranean,Mediterranean,RUH98f6xTacjyDHkOVyoBA,Mirage Bistrot,,3,4.5,+493046992074,2341.426078199031,52.5450588943835,13.3691697567701,13347,Reinickendorfer Str. 110
98,burgers,Burgers,K1U73tI42PdMoyj3pdSDcw,Louis Alfons,€€,14,4.5,+493064491107,2235.804649472597,52.544307,13.371223,13347,Gerichtstr. 60
99,steak,Steakhouses,K1U73tI42PdMoyj3pdSDcw,Louis Alfons,€€,14,4.5,+493064491107,2235.804649472597,52.544307,13.371223,13347,Gerichtstr. 60
100,tradamerican,American (Traditional),ZTcs1Un-EC2ssadXifM4Dg,Mogg,€€,110,4.0,+4930330060770,1278.5184415017968,52.526492,13.394437,10117,Auguststr. 11 - 13
101,sandwiches,Sandwiches,ZTcs1Un-EC2ssadXifM4Dg,Mogg,€€,110,4.0,+4930330060770,1278.5184415017968,52.526492,13.394437,10117,Auguststr. 11 - 13
102,cafes,Cafes,fYaEKJzXZvaJ0E9HrtEbTg,Du Bonheur,€€,49,4.5,+493056591955,1987.9928244104124,52.5362432,13.3978679,10115,Brunnenstr. 39
103,bakeries,Bakeries,fYaEKJzXZvaJ0E9HrtEbTg,Du Bonheur,€€,49,4.5,+493056591955,1987.9928244104124,52.5362432,13.3978679,10115,Brunnenstr. 39
104,delicatessen,Delicatessen,fYaEKJzXZvaJ0E9HrtEbTg,Du Bonheur,€€,49,4.5,+493056591955,1987.9928244104124,52.5362432,13.3978679,10115,Brunnenstr. 39
105,ramen,Ramen,BoF7-MWqdvCPhAlir9KTJw,ULT Ramen,€,17,4.0,,2933.344720746928,52.54999,13.36533,13347,Schulstr. 29
106,italian,Italian,Uv0i4nrfjgUVJenHbcxlyA,Dolcini,€€,34,4.5,+493024630456,1378.432867680872,52.51384,13.38688,10117,Jägerstr. 70
107,bakeries,Bakeries,ZU-Ff2smJhlL3zqDBmjS7w,Cafe Albrecht,€,9,4.0,+493053156698,561.0560883180382,52.5231500048486,13.3838896792413,10117,Reinhardtstr. 23
108,coffee,Coffee & Tea,ZU-Ff2smJhlL3zqDBmjS7w,Cafe Albrecht,€,9,4.0,+493053156698,561.0560883180382,52.5231500048486,13.3838896792413,10117,Reinhardtstr. 23
109,breakfast_brunch,Breakfast & Brunch,ZU-Ff2smJhlL3zqDBmjS7w,Cafe Albrecht,€,9,4.0,+493053156698,561.0560883180382,52.5231500048486,13.3838896792413,10117,Reinhardtstr. 23
110,wine_bars,Wine Bars,uR7wsySeBtVySv9QO8_hgg,Weingalerie und Café NÖ!,€€,131,4.5,+49302010871,1418.375690635572,52.51327,13.38625,10117,Glinkastr. 23
111,mediterranean,Mediterranean,uR7wsySeBtVySv9QO8_hgg,Weingalerie und Café NÖ!,€€,131,4.5,+49302010871,1418.375690635572,52.51327,13.38625,10117,Glinkastr. 23
112,flatbread,Flatbread,uR7wsySeBtVySv9QO8_hgg,Weingalerie und Café NÖ!,€€,131,4.5,+49302010871,1418.375690635572,52.51327,13.38625,10117,Glinkastr. 23
113,german,German,MV2ZhPtmZQJ2WCVgzEA5XQ,Zur Haxe,€€,82,4.5,+49304216312,4712.711882389639,52.54477,13.43699,10409,Erich-Weinert-Str. 128
114,scottish,Scottish,FqjkhdhJIpxAVFGfytu73A,Hirsch & Hase,,5,5.0,+4917631322073,2281.968223179457,52.542081,13.393723,13355,Brunnenstr. 73
115,beergarden,Beer Garden,FqjkhdhJIpxAVFGfytu73A,Hirsch & Hase,,5,5.0,+4917631322073,2281.968223179457,52.542081,13.393723,13355,Brunnenstr. 73
116,tapasmallplates,Tapas/Small Plates,FqjkhdhJIpxAVFGfytu73A,Hirsch & Hase,,5,5.0,+4917631322073,2281.968223179457,52.542081,13.393723,13355,Brunnenstr. 73
117,french,French,RUH98f6xTacjyDHkOVyoBA,Mirage Bistrot,,3,4.5,+493046992074,2341.426078199031,52.5450588943835,13.3691697567701,13347,Reinickendorfer Str. 110
118,breakfast_brunch,Breakfast & Brunch,RUH98f6xTacjyDHkOVyoBA,Mirage Bistrot,,3,4.5,+493046992074,2341.426078199031,52.5450588943835,13.3691697567701,13347,Reinickendorfer Str. 110
119,mediterranean,Mediterranean,RUH98f6xTacjyDHkOVyoBA,Mirage Bistrot,,3,4.5,+493046992074,2341.426078199031,52.5450588943835,13.3691697567701,13347,Reinickendorfer Str. 110
120,burgers,Burgers,K1U73tI42PdMoyj3pdSDcw,Louis Alfons,€€,14,4.5,+493064491107,2235.804649472597,52.544307,13.371223,13347,Gerichtstr. 60
121,steak,Steakhouses,K1U73tI42PdMoyj3pdSDcw,Louis Alfons,€€,14,4.5,+493064491107,2235.804649472597,52.544307,13.371223,13347,Gerichtstr. 60
122,tradamerican,American (Traditional),ZTcs1Un-EC2ssadXifM4Dg,Mogg,€€,110,4.0,+4930330060770,1278.5184415017968,52.526492,13.394437,10117,Auguststr. 11 - 13
123,sandwiches,Sandwiches,ZTcs1Un-EC2ssadXifM4Dg,Mogg,€€,110,4.0,+4930330060770,1278.5184415017968,52.526492,13.394437,10117,Auguststr. 11 - 13
124,chinese,Chinese,f2Q3i3MjsbJSUVhG47Gw-w,Lucky Star,€€,64,4.0,+493056735514,749.0635865678418,52.52559,13.38709,10117,Friedrichstr.127
125,seafood,Seafood,XlAlY5t5ReaPacpgwMcyyQ,Gode Wind,,5,5.0,+493055494120,8279.344525888275,52.4920318609691,13.4860254727387,10317,Gustav-Holzmann-Str. 10
126,venues,Venues & Event Spaces,XlAlY5t5ReaPacpgwMcyyQ,Gode Wind,,5,5.0,+493055494120,8279.344525888275,52.4920318609691,13.4860254727387,10317,Gustav-Holzmann-Str. 10
127,italian,Italian,I0h9RZKCxPud0Azpmr_LDw,Papà Pane di Sorrento,€€,238,4.0,+493028092701,1633.2529695336175,52.53198,13.39639,10115,Ackerstr. 23
128,burgers,Burgers,-85Vif3rqVLHRMOBR-qNSA,Shiso Burger,€€,298,4.0,+493088944687,1583.240627680965,52.52723,13.39883,10119,Auguststr. 29 c
129,schnitzel,Schnitzel,zoGKin7W8L3uyXeXlvc5gg,Schnitzelei Mitte,€€€,48,4.5,+493032519422,898.0743506015705,52.528464,13.387325,10115,Chausseestr. 8
130,syrian,Syrian,cq-jjm28Xv8oNVEZLQ5N-g,Yarok,€,169,4.5,+493095628703,1182.0239454983403,52.5283244,13.3920916,10115,Torstr. 195
131,seafood,Seafood,BEtU3mWiEfNR8ycNCENdvg,Der Fischladen,€€,116,4.5,+493040005612,3433.250891326959,52.54599,13.4125599,10437,Schönhauser Allee 128
132,fishmonger,Fishmonger,BEtU3mWiEfNR8ycNCENdvg,Der Fischladen,€€,116,4.5,+493040005612,3433.250891326959,52.54599,13.4125599,10437,Schönhauser Allee 128
133,fishnchips,Fish & Chips,BEtU3mWiEfNR8ycNCENdvg,Der Fischladen,€€,116,4.5,+493040005612,3433.250891326959,52.54599,13.4125599,10437,Schönhauser Allee 128
134,cafes,Cafes,CPjSn7dFNcC10VhHa9sqZA,Steel Vintage Bikes Café,€€,73,4.5,+493020623877,1384.844689975583,52.51254,13.38211,10117,Wilhelmstr. 91
135,bikes,Bikes,CPjSn7dFNcC10VhHa9sqZA,Steel Vintage Bikes Café,€€,73,4.5,+493020623877,1384.844689975583,52.51254,13.38211,10117,Wilhelmstr. 91
136,breakfast_brunch,Breakfast & Brunch,CPjSn7dFNcC10VhHa9sqZA,Steel Vintage Bikes Café,€€,73,4.5,+493020623877,1384.844689975583,52.51254,13.38211,10117,Wilhelmstr. 91
137,chinese,Chinese,huvKWp95UPlfzpW1-K4cpg,Chen's Wok,,9,4.0,+49303419013,4061.561038140074,52.5133099020105,13.3186600729823,10585,Otto-Suhr-Allee 11 - 13
138,dimsum,Dim Sum,ZEkEL7Lwh9yM33_jpcyjAw,Dan's Dim Sum,€€,18,4.0,+493047372122,3363.096438511895,52.54712,13.40869,10437,Gleimstr. 17
139,chinese,Chinese,f2Q3i3MjsbJSUVhG47Gw-w,Lucky Star,€€,64,4.0,+493056735514,749.0635865678418,52.52559,13.38709,10117,Friedrichstr.127
140,seafood,Seafood,XlAlY5t5ReaPacpgwMcyyQ,Gode Wind,,5,5.0,+493055494120,8279.344525888275,52.4920318609691,13.4860254727387,10317,Gustav-Holzmann-Str. 10
141,venues,Venues & Event Spaces,XlAlY5t5ReaPacpgwMcyyQ,Gode Wind,,5,5.0,+493055494120,8279.344525888275,52.4920318609691,13.4860254727387,10317,Gustav-Holzmann-Str. 10
142,italian,Italian,I0h9RZKCxPud0Azpmr_LDw,Papà Pane di Sorrento,€€,238,4.0,+493028092701,1633.2529695336175,52.53198,13.39639,10115,Ackerstr. 23
143,burgers,Burgers,-85Vif3rqVLHRMOBR-qNSA,Shiso Burger,€€,298,4.0,+493088944687,1583.240627680965,52.52723,13.39883,10119,Auguststr. 29 c
144,schnitzel,Schnitzel,zoGKin7W8L3uyXeXlvc5gg,Schnitzelei Mitte,€€€,48,4.5,+493032519422,898.0743506015705,52.528464,13.387325,10115,Chausseestr. 8
145,syrian,Syrian,cq-jjm28Xv8oNVEZLQ5N-g,Yarok,€,169,4.5,+493095628703,1182.0239454983403,52.5283244,13.3920916,10115,Torstr. 195
146,seafood,Seafood,BEtU3mWiEfNR8ycNCENdvg,Der Fischladen,€€,116,4.5,+493040005612,3433.250891326959,52.54599,13.4125599,10437,Schönhauser Allee 128
147,fishmonger,Fishmonger,BEtU3mWiEfNR8ycNCENdvg,Der Fischladen,€€,116,4.5,+493040005612,3433.250891326959,52.54599,13.4125599,10437,Schönhauser Allee 128
148,fishnchips,Fish & Chips,BEtU3mWiEfNR8ycNCENdvg,Der Fischladen,€€,116,4.5,+493040005612,3433.250891326959,52.54599,13.4125599,10437,Schönhauser Allee 128
149,cafes,Cafes,CPjSn7dFNcC10VhHa9sqZA,Steel Vintage Bikes Café,€€,73,4.5,+493020623877,1384.844689975583,52.51254,13.38211,10117,Wilhelmstr. 91
150,bikes,Bikes,CPjSn7dFNcC10VhHa9sqZA,Steel Vintage Bikes Café,€€,73,4.5,+493020623877,1384.844689975583,52.51254,13.38211,10117,Wilhelmstr. 91
151,breakfast_brunch,Breakfast & Brunch,CPjSn7dFNcC10VhHa9sqZA,Steel Vintage Bikes Café,€€,73,4.5,+493020623877,1384.844689975583,52.51254,13.38211,10117,Wilhelmstr. 91
152,chinese,Chinese,huvKWp95UPlfzpW1-K4cpg,Chen's Wok,,9,4.0,+49303419013,4061.561038140074,52.5133099020105,13.3186600729823,10585,Otto-Suhr-Allee 11 - 13
153,dimsum,Dim Sum,ZEkEL7Lwh9yM33_jpcyjAw,Dan's Dim Sum,€€,18,4.0,+493047372122,3363.096438511895,52.54712,13.40869,10437,Gleimstr. 17
154,korean,Korean,X9MF12TKs84W-y7CVNQo1w,Gogogi,€€,33,4.0,+493055246141,1888.884813241116,52.53079,13.40189,10119,Weinbergsweg 24
155,indpak,Indian,Ul_fxm7Rg-QSsWGPg3xclA,ammAmma,€,61,4.5,+493078718485,4659.9000636300425,52.4850306,13.3522505,10823,Eisenacher Str. 59
156,cuban,Cuban,4L6vbqMCeAQbHUyNRK5QWw,La Casa Buena Vista,€€,63,4.5,+493092370685,6671.559684134366,52.55003,13.46487,13088,Bizetstraße 136
157,cocktailbars,Cocktail Bars,4L6vbqMCeAQbHUyNRK5QWw,La Casa Buena Vista,€€,63,4.5,+493092370685,6671.559684134366,52.55003,13.46487,13088,Bizetstraße 136
158,cajun,Cajun/Creole,4L6vbqMCeAQbHUyNRK5QWw,La Casa Buena Vista,€€,63,4.5,+493092370685,6671.559684134366,52.55003,13.46487,13088,Bizetstraße 136
159,vegetarian,Vegetarian,0VBlZfPnfpWHoMRiSY_iiw,momos,€,12,4.0,+491602688177,834.7947870310736,52.52758,13.38715,10115,Chausseestr. 2
160,vegan,Vegan,0VBlZfPnfpWHoMRiSY_iiw,momos,€,12,4.0,+491602688177,834.7947870310736,52.52758,13.38715,10115,Chausseestr. 2
161,mediterranean,Mediterranean,k2MwXoCpnrsO-tt3QocyzA,Agora,,1,5.0,+493028444898,2955.5010280019787,52.5095,13.41197,10179,Annenstr. 13
162,german,German,3LHWNkukiVBztEXdMXUaLA,Repke Spätzlerei,€,79,4.0,+493088718672,4386.819792136213,52.50421,13.32008,10623,Bleibtreustr. 46
163,mideastern,Middle Eastern,3p9lgQFMsVWPKKw3O1nRPA,Layla,,9,4.5,+4915122563654,2588.77652732829,52.50149,13.38327,10963,Hallesche Str. 10
164,german,German,zoqrQLulC-weIVB83OIc4Q,Elefant,€€,159,4.5,+493023607346,3502.052178173731,52.4989484,13.3453693,10777,Fuggerstr. 18
165,chinese,Chinese,fsZLstZPYEyh0_nfBvaEtg,LIU 成都味道 Chuan Chuan Xiang & Nudelhaus,,10,4.0,+491786684572,1656.89916050009,52.5112694,13.3874362,10117,Kronenstr. 72
166,soup,Soup,fsZLstZPYEyh0_nfBvaEtg,LIU 成都味道 Chuan Chuan Xiang & Nudelhaus,,10,4.0,+491786684572,1656.89916050009,52.5112694,13.3874362,10117,Kronenstr. 72
167,foodstands,Food Stands,F2HUfsf0sBzkjXWiM93ymg,Mustafas Gemüse Kebap,€,1075,4.0,,3498.12945085347,52.493825,13.3880366380635,10961,Mehringdamm 32
168,kebab,Kebab,F2HUfsf0sBzkjXWiM93ymg,Mustafas Gemüse Kebap,€,1075,4.0,,3498.12945085347,52.493825,13.3880366380635,10961,Mehringdamm 32
169,korean,Korean,X9MF12TKs84W-y7CVNQo1w,Gogogi,€€,33,4.0,+493055246141,1888.884813241116,52.53079,13.40189,10119,Weinbergsweg 24
170,indpak,Indian,Ul_fxm7Rg-QSsWGPg3xclA,ammAmma,€,61,4.5,+493078718485,4659.9000636300425,52.4850306,13.3522505,10823,Eisenacher Str. 59
171,cuban,Cuban,4L6vbqMCeAQbHUyNRK5QWw,La Casa Buena Vista,€€,63,4.5,+493092370685,6671.559684134366,52.55003,13.46487,13088,Bizetstraße 136
172,cocktailbars,Cocktail Bars,4L6vbqMCeAQbHUyNRK5QWw,La Casa Buena Vista,€€,63,4.5,+493092370685,6671.559684134366,52.55003,13.46487,13088,Bizetstraße 136
173,cajun,Cajun/Creole,4L6vbqMCeAQbHUyNRK5QWw,La Casa Buena Vista,€€,63,4.5,+493092370685,6671.559684134366,52.55003,13.46487,13088,Bizetstraße 136
174,vegetarian,Vegetarian,0VBlZfPnfpWHoMRiSY_iiw,momos,€,12,4.0,+491602688177,834.7947870310736,52.52758,13.38715,10115,Chausseestr. 2
175,vegan,Vegan,0VBlZfPnfpWHoMRiSY_iiw,momos,€,12,4.0,+491602688177,834.7947870310736,52.52758,13.38715,10115,Chausseestr. 2
176,mediterranean,Mediterranean,k2MwXoCpnrsO-tt3QocyzA,Agora,,1,5.0,+493028444898,2955.5010280019787,52.5095,13.41197,10179,Annenstr. 13
177,german,German,3LHWNkukiVBztEXdMXUaLA,Repke Spätzlerei,€,79,4.0,+493088718672,4386.819792136213,52.50421,13.32008,10623,Bleibtreustr. 46
178,mideastern,Middle Eastern,3p9lgQFMsVWPKKw3O1nRPA,Layla,,9,4.5,+4915122563654,2588.77652732829,52.50149,13.38327,10963,Hallesche Str. 10
179,german,German,zoqrQLulC-weIVB83OIc4Q,Elefant,€€,159,4.5,+493023607346,3502.052178173731,52.4989484,13.3453693,10777,Fuggerstr. 18
180,chinese,Chinese,fsZLstZPYEyh0_nfBvaEtg,LIU 成都味道 Chuan Chuan Xiang & Nudelhaus,,10,4.0,+491786684572,1656.89916050009,52.5112694,13.3874362,10117,Kronenstr. 72
181,soup,Soup,fsZLstZPYEyh0_nfBvaEtg,LIU 成都味道 Chuan Chuan Xiang & Nudelhaus,,10,4.0,+491786684572,1656.89916050009,52.5112694,13.3874362,10117,Kronenstr. 72
182,foodstands,Food Stands,F2HUfsf0sBzkjXWiM93ymg,Mustafas Gemüse Kebap,€,1075,4.0,,3498.12945085347,52.493825,13.3880366380635,10961,Mehringdamm 32
183,kebab,Kebab,F2HUfsf0sBzkjXWiM93ymg,Mustafas Gemüse Kebap,€,1075,4.0,,3498.12945085347,52.493825,13.3880366380635,10961,Mehringdamm 32
184,german,German,-x0xurlF6rBjQtto7JU-bg,acht&dreissig,€€,23,4.5,+493037465031,1066.0464936548929,52.525488,13.39151,10117,Oranienburger Str. 38
185,mexican,Mexican,SugGVcQTeL-7Rx0fZgyrgw,Taquería Ta'Cabrón,€,145,4.0,+493032662439,4954.961124669038,52.4998771,13.4369915,10997,Skalitzer Str. 60
186,divebars,Dive Bars,SugGVcQTeL-7Rx0fZgyrgw,Taquería Ta'Cabrón,€,145,4.0,+493032662439,4954.961124669038,52.4998771,13.4369915,10997,Skalitzer Str. 60
187,greek,Greek,0oZ6GNvAPyItdGcrlSJrcw,Asteria,€€,119,4.5,+493040053571,3083.6039432257235,52.5414439100881,13.4118138626218,10435,Schönhauser Allee 143
188,thai,Thai,1z9sINlk-lb_ehNImziP7Q,Thai Window Asia,€,61,4.5,+493063378610,2544.5175556035533,52.5277522833396,13.4130607292624,10119,Torstr. 22
189,peruvian,Peruvian,yPvnZmeL08H1AL1xBYFIcw,Naninka,€€,9,5.0,+4915784286610,2541.4130243306718,52.5278074072668,13.33870817852,10551,Arminiusstr. 2 - 4
190,jazzandblues,Jazz & Blues,Z3ZPTEsO1QXkYuTD5eFIGA,Yorckschlösschen,€€,80,4.0,+49302158070,3447.9451932561096,52.4936359678454,13.3822574920655,10965,Yorckstr. 15
191,beergarden,Beer Garden,Z3ZPTEsO1QXkYuTD5eFIGA,Yorckschlösschen,€€,80,4.0,+49302158070,3447.9451932561096,52.4936359678454,13.3822574920655,10965,Yorckstr. 15
192,german,German,Z3ZPTEsO1QXkYuTD5eFIGA,Yorckschlösschen,€€,80,4.0,+49302158070,3447.9451932561096,52.4936359678454,13.3822574920655,10965,Yorckstr. 15
193,gastropubs,Gastropubs,HAn6q1OD7AMbxJMqqmDOsQ,Salt n Bone,€€,39,4.5,+493091448885,3697.01082810725,52.54409,13.419856,10437,Schliemannstr. 31
194,cocktailbars,Cocktail Bars,HAn6q1OD7AMbxJMqqmDOsQ,Salt n Bone,€€,39,4.5,+493091448885,3697.01082810725,52.54409,13.419856,10437,Schliemannstr. 31
195,steak,Steakhouses,jbcZvy-y4DsyjVyxxJEXiw,Steakhouse Asador,€€,230,4.5,+493025931818,2431.6500147328,52.50383,13.38806,10963,Wilhelmstr. 22
196,mexican,Mexican,WVvjPjxncn_w5Rx2eIC1BQ,Dolores,€,521,4.0,+493028099597,2262.208125732613,52.523781,13.409277,10178,Rosa-Luxemburg-Str. 7
197,georgian,Georgian,ssTbFrl0YkJwb00HIMhW9w,Schwiliko,€€,32,4.0,+493061623588,5593.203177280522,52.49867,13.44686,10997,Schlesische Str. 29
198,german,German,-x0xurlF6rBjQtto7JU-bg,acht&dreissig,€€,23,4.5,+493037465031,1066.0464936548929,52.525488,13.39151,10117,Oranienburger Str. 38
199,mexican,Mexican,SugGVcQTeL-7Rx0fZgyrgw,Taquería Ta'Cabrón,€,145,4.0,+493032662439,4954.961124669038,52.4998771,13.4369915,10997,Skalitzer Str. 60
200,divebars,Dive Bars,SugGVcQTeL-7Rx0fZgyrgw,Taquería Ta'Cabrón,€,145,4.0,+493032662439,4954.961124669038,52.4998771,13.4369915,10997,Skalitzer Str. 60
201,greek,Greek,0oZ6GNvAPyItdGcrlSJrcw,Asteria,€€,119,4.5,+493040053571,3083.6039432257235,52.5414439100881,13.4118138626218,10435,Schönhauser Allee 143
202,thai,Thai,1z9sINlk-lb_ehNImziP7Q,Thai Window Asia,€,61,4.5,+493063378610,2544.5175556035533,52.5277522833396,13.4130607292624,10119,Torstr. 22
203,peruvian,Peruvian,yPvnZmeL08H1AL1xBYFIcw,Naninka,€€,9,5.0,+4915784286610,2541.4130243306718,52.5278074072668,13.33870817852,10551,Arminiusstr. 2 - 4
204,jazzandblues,Jazz & Blues,Z3ZPTEsO1QXkYuTD5eFIGA,Yorckschlösschen,€€,80,4.0,+49302158070,3447.9451932561096,52.4936359678454,13.3822574920655,10965,Yorckstr. 15
205,beergarden,Beer Garden,Z3ZPTEsO1QXkYuTD5eFIGA,Yorckschlösschen,€€,80,4.0,+49302158070,3447.9451932561096,52.4936359678454,13.3822574920655,10965,Yorckstr. 15
206,german,German,Z3ZPTEsO1QXkYuTD5eFIGA,Yorckschlösschen,€€,80,4.0,+49302158070,3447.9451932561096,52.4936359678454,13.3822574920655,10965,Yorckstr. 15
207,gastropubs,Gastropubs,HAn6q1OD7AMbxJMqqmDOsQ,Salt n Bone,€€,39,4.5,+493091448885,3697.01082810725,52.54409,13.419856,10437,Schliemannstr. 31
208,cocktailbars,Cocktail Bars,HAn6q1OD7AMbxJMqqmDOsQ,Salt n Bone,€€,39,4.5,+493091448885,3697.01082810725,52.54409,13.419856,10437,Schliemannstr. 31
209,steak,Steakhouses,jbcZvy-y4DsyjVyxxJEXiw,Steakhouse Asador,€€,230,4.5,+493025931818,2431.6500147328,52.50383,13.38806,10963,Wilhelmstr. 22
210,mexican,Mexican,WVvjPjxncn_w5Rx2eIC1BQ,Dolores,€,521,4.0,+493028099597,2262.208125732613,52.523781,13.409277,10178,Rosa-Luxemburg-Str. 7
211,georgian,Georgian,ssTbFrl0YkJwb00HIMhW9w,Schwiliko,€€,32,4.0,+493061623588,5593.203177280522,52.49867,13.44686,10997,Schlesische Str. 29
212,pizza,Pizza,CAoUMz4XJGvSVEccEOQ04A,Pascarella,€€,6,4.5,+493031168580,957.9719753896072,52.5323,13.38143,10115,Chauseestr. 30
213,italian,Italian,CAoUMz4XJGvSVEccEOQ04A,Pascarella,€€,6,4.5,+493031168580,957.9719753896072,52.5323,13.38143,10115,Chauseestr. 30
214,burgers,Burgers,XQpE_t-OfYrA59Bx8_JaSA,Rembrandt-Burger,€€,187,4.5,+493089997296,4896.027225110672,52.52002,13.44783,10249,Richard-Sorge-Str. 21
215,persian,Persian/Iranian,Crr51VSLMRKD7EaIsvW4lA,Kourosh,€€,19,4.5,+491729441960,3651.232302035035,52.5001,13.33953,10789,Lietzenburger Str. 20 b
216,oriental,Oriental,Crr51VSLMRKD7EaIsvW4lA,Kourosh,€€,19,4.5,+491729441960,3651.232302035035,52.5001,13.33953,10789,Lietzenburger Str. 20 b
217,spanish,Spanish,6UUxSr7fDTT4tH8Wk0AeeQ,Picoteo,€€,27,4.5,+493060407400,3894.4089414340797,52.4977,13.4131,10999,Erkelenzdamm 47
218,portuguese,Portuguese,6UUxSr7fDTT4tH8Wk0AeeQ,Picoteo,€€,27,4.5,+493060407400,3894.4089414340797,52.4977,13.4131,10999,Erkelenzdamm 47
219,scandinavian,Scandinavian,6Y_TsOhlOm8ypfZdet0R6Q,Saeson,,3,4.5,,2418.2437906159903,52.5034901396385,13.3660202008059,10785,Potsdamer Str. 67
220,turkish,Turkish,fcAUXFbhQKjJHbvL7ns8BA,Gümüş,€,15,4.5,+49307812040,4280.9790801171985,52.487484,13.3578894,10827,Hauptstr. 148
221,bakeries,Bakeries,fcAUXFbhQKjJHbvL7ns8BA,Gümüş,€,15,4.5,+49307812040,4280.9790801171985,52.487484,13.3578894,10827,Hauptstr. 148
222,cafes,Cafes,K3uCd6IiY8-FVCJ3SVc2Og,Berliner Pfannkuchen,,1,5.0,+49302826537,1623.6656882421441,52.526383,13.399313,10178,Sophienstr. 30 - 31
223,pancakes,Pancakes,K3uCd6IiY8-FVCJ3SVc2Og,Berliner Pfannkuchen,,1,5.0,+49302826537,1623.6656882421441,52.526383,13.399313,10178,Sophienstr. 30 - 31
224,modern_european,Modern European,VxEtPoyFWPma8pOoY8rtrQ,Pantry,€€€,72,4.0,+493034623612,785.4274838718613,52.5266,13.38693,10117,Friedrichstr. 120
225,bbq,Barbeque,GIcY8nfARQLzOJ-M6NJWSQ,Chicago Williams BBQ,€€,138,3.5,+493028042422,729.9963874962543,52.5271533,13.3856489,10115,Hannoversche Str. 2
226,sandwiches,Sandwiches,GIcY8nfARQLzOJ-M6NJWSQ,Chicago Williams BBQ,€€,138,3.5,+493028042422,729.9963874962543,52.5271533,13.3856489,10115,Hannoversche Str. 2
227,burgers,Burgers,dNht4DP1HLtVXmL_V4iNlw,The Bird,€€,665,4.0,+493051053283,3201.650037116568,52.54674,13.40575,10437,Am Falkplatz 5
228,steak,Steakhouses,dNht4DP1HLtVXmL_V4iNlw,The Bird,€€,665,4.0,+493051053283,3201.650037116568,52.54674,13.40575,10437,Am Falkplatz 5
229,pizza,Pizza,CAoUMz4XJGvSVEccEOQ04A,Pascarella,€€,6,4.5,+493031168580,957.9719753896072,52.5323,13.38143,10115,Chauseestr. 30
230,italian,Italian,CAoUMz4XJGvSVEccEOQ04A,Pascarella,€€,6,4.5,+493031168580,957.9719753896072,52.5323,13.38143,10115,Chauseestr. 30
231,burgers,Burgers,XQpE_t-OfYrA59Bx8_JaSA,Rembrandt-Burger,€€,187,4.5,+493089997296,4896.027225110672,52.52002,13.44783,10249,Richard-Sorge-Str. 21
232,persian,Persian/Iranian,Crr51VSLMRKD7EaIsvW4lA,Kourosh,€€,19,4.5,+491729441960,3651.232302035035,52.5001,13.33953,10789,Lietzenburger Str. 20 b
233,oriental,Oriental,Crr51VSLMRKD7EaIsvW4lA,Kourosh,€€,19,4.5,+491729441960,3651.232302035035,52.5001,13.33953,10789,Lietzenburger Str. 20 b
234,spanish,Spanish,6UUxSr7fDTT4tH8Wk0AeeQ,Picoteo,€€,27,4.5,+493060407400,3894.4089414340797,52.4977,13.4131,10999,Erkelenzdamm 47
235,portuguese,Portuguese,6UUxSr7fDTT4tH8Wk0AeeQ,Picoteo,€€,27,4.5,+493060407400,3894.4089414340797,52.4977,13.4131,10999,Erkelenzdamm 47
236,scandinavian,Scandinavian,6Y_TsOhlOm8ypfZdet0R6Q,Saeson,,3,4.5,,2418.2437906159903,52.5034901396385,13.3660202008059,10785,Potsdamer Str. 67
237,turkish,Turkish,fcAUXFbhQKjJHbvL7ns8BA,Gümüş,€,15,4.5,+49307812040,4280.9790801171985,52.487484,13.3578894,10827,Hauptstr. 148
238,bakeries,Bakeries,fcAUXFbhQKjJHbvL7ns8BA,Gümüş,€,15,4.5,+49307812040,4280.9790801171985,52.487484,13.3578894,10827,Hauptstr. 148
239,cafes,Cafes,K3uCd6IiY8-FVCJ3SVc2Og,Berliner Pfannkuchen,,1,5.0,+49302826537,1623.6656882421441,52.526383,13.399313,10178,Sophienstr. 30 - 31
240,pancakes,Pancakes,K3uCd6IiY8-FVCJ3SVc2Og,Berliner Pfannkuchen,,1,5.0,+49302826537,1623.6656882421441,52.526383,13.399313,10178,Sophienstr. 30 - 31
241,modern_european,Modern European,VxEtPoyFWPma8pOoY8rtrQ,Pantry,€€€,72,4.0,+493034623612,785.4274838718613,52.5266,13.38693,10117,Friedrichstr. 120
242,bbq,Barbeque,GIcY8nfARQLzOJ-M6NJWSQ,Chicago Williams BBQ,€€,138,3.5,+493028042422,729.9963874962543,52.5271533,13.3856489,10115,Hannoversche Str. 2
243,sandwiches,Sandwiches,GIcY8nfARQLzOJ-M6NJWSQ,Chicago Williams BBQ,€€,138,3.5,+493028042422,729.9963874962543,52.5271533,13.3856489,10115,Hannoversche Str. 2
244,burgers,Burgers,dNht4DP1HLtVXmL_V4iNlw,The Bird,€€,665,4.0,+493051053283,3201.650037116568,52.54674,13.40575,10437,Am Falkplatz 5
245,steak,Steakhouses,dNht4DP1HLtVXmL_V4iNlw,The Bird,€€,665,4.0,+493051053283,3201.650037116568,52.54674,13.40575,10437,Am Falkplatz 5
246,mexican,Mexican,gpJiSuJ7fFejl1mBXIA_mg,Maria Bonita,€€,185,4.0,,3369.257528985182,52.54039,13.41811,10435,Danziger Str. 33
247,mediterranean,Mediterranean,ut222NyCMpKcugCq6lr6yw,Mani,€€,51,4.5,+491636359464,1699.4674584898255,52.52937,13.39959,10119,Torstr. 136
248,cafes,Cafes,VYY47QpwTFNz8KsL7xWzLg,Flamingo Fresh Food Bar,€€,70,4.5,+493083218865,852.2957728369403,52.5194401,13.3854612,10117,Neustädtische Kirchstr. 8
249,breakfast_brunch,Breakfast & Brunch,VYY47QpwTFNz8KsL7xWzLg,Flamingo Fresh Food Bar,€€,70,4.5,+493083218865,852.2957728369403,52.5194401,13.3854612,10117,Neustädtische Kirchstr. 8
250,sandwiches,Sandwiches,VYY47QpwTFNz8KsL7xWzLg,Flamingo Fresh Food Bar,€€,70,4.5,+493083218865,852.2957728369403,52.5194401,13.3854612,10117,Neustädtische Kirchstr. 8
251,german,German,L6fEV0NBc4JlLhWIK6YFsA,Refugium,€€€,30,4.0,+49302291661,1658.2845813047597,52.5136111,13.3927778,10117,Gendarmenmarkt 5
252,international,International,L6fEV0NBc4JlLhWIK6YFsA,Refugium,€€€,30,4.0,+49302291661,1658.2845813047597,52.5136111,13.3927778,10117,Gendarmenmarkt 5
253,african,African,bYfh5awq3no8WxiWvs7PNA,Safari Imbiss,€,11,4.5,+4917634197063,3063.092812367553,52.54872,13.35459,13353,Müllerstr. 143
254,foodstands,Food Stands,bYfh5awq3no8WxiWvs7PNA,Safari Imbiss,€,11,4.5,+4917634197063,3063.092812367553,52.54872,13.35459,13353,Müllerstr. 143
255,indpak,Indian,DSOCAQ1coKLb28LW3c_nOw,Zaika,€€,193,4.5,+493040003435,4122.155018997884,52.54803,13.42284,10439,Wichertstr. 57
256,cafes,Cafes,imsmsRKFvJAUWEacpvCM2w,Grilled Pocket Sandwich G.P.S,€,9,5.0,+491639202131,3262.648859213236,52.529495,13.328365,10553,Beusselstr. 63
257,sandwiches,Sandwiches,imsmsRKFvJAUWEacpvCM2w,Grilled Pocket Sandwich G.P.S,€,9,5.0,+491639202131,3262.648859213236,52.529495,13.328365,10553,Beusselstr. 63
258,seafood,Seafood,jywTSGNm2fhFDoU6BVp7BQ,Seaside,€€€,33,4.0,+493020917354,1679.8396293950557,52.5119743,13.389979,10117,Mohrenstr. 17
259,georgian,Georgian,PK_xINqJR32W4tRZUih4hQ,Tbilisi,€€,19,4.0,+493023927015,3743.6584084238325,52.551805,13.408004,10439,Schönfließer Str. 15
260,wine_bars,Wine Bars,PK_xINqJR32W4tRZUih4hQ,Tbilisi,€€,19,4.0,+493023927015,3743.6584084238325,52.551805,13.408004,10439,Schönfließer Str. 15
261,breakfast_brunch,Breakfast & Brunch,6Ek2tWEgAOtzPejS2gdbvw,Benedict,€€,133,4.0,+4930994040997,4661.6350815427395,52.49683,13.32393,10719,Uhlandstr. 49
262,international,International,6Ek2tWEgAOtzPejS2gdbvw,Benedict,€€,133,4.0,+4930994040997,4661.6350815427395,52.49683,13.32393,10719,Uhlandstr. 49
263,mexican,Mexican,gpJiSuJ7fFejl1mBXIA_mg,Maria Bonita,€€,185,4.0,,3369.257528985182,52.54039,13.41811,10435,Danziger Str. 33
264,mediterranean,Mediterranean,ut222NyCMpKcugCq6lr6yw,Mani,€€,51,4.5,+491636359464,1699.4674584898255,52.52937,13.39959,10119,Torstr. 136
265,cafes,Cafes,VYY47QpwTFNz8KsL7xWzLg,Flamingo Fresh Food Bar,€€,70,4.5,+493083218865,852.2957728369403,52.5194401,13.3854612,10117,Neustädtische Kirchstr. 8
266,breakfast_brunch,Breakfast & Brunch,VYY47QpwTFNz8KsL7xWzLg,Flamingo Fresh Food Bar,€€,70,4.5,+493083218865,852.2957728369403,52.5194401,13.3854612,10117,Neustädtische Kirchstr. 8
267,sandwiches,Sandwiches,VYY47QpwTFNz8KsL7xWzLg,Flamingo Fresh Food Bar,€€,70,4.5,+493083218865,852.2957728369403,52.5194401,13.3854612,10117,Neustädtische Kirchstr. 8
268,german,German,L6fEV0NBc4JlLhWIK6YFsA,Refugium,€€€,30,4.0,+49302291661,1658.2845813047597,52.5136111,13.3927778,10117,Gendarmenmarkt 5
269,international,International,L6fEV0NBc4JlLhWIK6YFsA,Refugium,€€€,30,4.0,+49302291661,1658.2845813047597,52.5136111,13.3927778,10117,Gendarmenmarkt 5
270,african,African,bYfh5awq3no8WxiWvs7PNA,Safari Imbiss,€,11,4.5,+4917634197063,3063.092812367553,52.54872,13.35459,13353,Müllerstr. 143
271,foodstands,Food Stands,bYfh5awq3no8WxiWvs7PNA,Safari Imbiss,€,11,4.5,+4917634197063,3063.092812367553,52.54872,13.35459,13353,Müllerstr. 143
272,indpak,Indian,DSOCAQ1coKLb28LW3c_nOw,Zaika,€€,193,4.5,+493040003435,4122.155018997884,52.54803,13.42284,10439,Wichertstr. 57
273,cafes,Cafes,imsmsRKFvJAUWEacpvCM2w,Grilled Pocket Sandwich G.P.S,€,9,5.0,+491639202131,3262.648859213236,52.529495,13.328365,10553,Beusselstr. 63
274,sandwiches,Sandwiches,imsmsRKFvJAUWEacpvCM2w,Grilled Pocket Sandwich G.P.S,€,9,5.0,+491639202131,3262.648859213236,52.529495,13.328365,10553,Beusselstr. 63
275,seafood,Seafood,jywTSGNm2fhFDoU6BVp7BQ,Seaside,€€€,33,4.0,+493020917354,1679.8396293950557,52.5119743,13.389979,10117,Mohrenstr. 17
276,georgian,Georgian,PK_xINqJR32W4tRZUih4hQ,Tbilisi,€€,19,4.0,+493023927015,3743.6584084238325,52.551805,13.408004,10439,Schönfließer Str. 15
277,wine_bars,Wine Bars,PK_xINqJR32W4tRZUih4hQ,Tbilisi,€€,19,4.0,+493023927015,3743.6584084238325,52.551805,13.408004,10439,Schönfließer Str. 15
278,breakfast_brunch,Breakfast & Brunch,6Ek2tWEgAOtzPejS2gdbvw,Benedict,€€,133,4.0,+4930994040997,4661.6350815427395,52.49683,13.32393,10719,Uhlandstr. 49
279,international,International,6Ek2tWEgAOtzPejS2gdbvw,Benedict,€€,133,4.0,+4930994040997,4661.6350815427395,52.49683,13.32393,10719,Uhlandstr. 49
280,panasian,Pan Asian,BhLXGATkWad1fdFvyc108g,Gia-Han,€,17,4.5,+493047010120,2036.3347275629906,52.5423757721864,13.3701165765524,13347,Reinickendorfer Str. 13
281,sushi,Sushi Bars,BhLXGATkWad1fdFvyc108g,Gia-Han,€,17,4.5,+493047010120,2036.3347275629906,52.5423757721864,13.3701165765524,13347,Reinickendorfer Str. 13
282,mediterranean,Mediterranean,ll8iSQnqNmhDZ0jtJbdUYQ,Merhaba,€€,37,4.5,+493048827940,3367.2283684654208,52.5288,13.4251,10405,Greifswalderstr. 4
283,oriental,Oriental,ll8iSQnqNmhDZ0jtJbdUYQ,Merhaba,€€,37,4.5,+493048827940,3367.2283684654208,52.5288,13.4251,10405,Greifswalderstr. 4
284,italian,Italian,sEIp8JdCDhEWgisvh168Qg,Osteria bei Pino,€€,61,4.5,+49304657179,2435.7157442095686,52.5441397,13.3602497,13353,Willdenowstr. 12
285,hotdog,Hot Dogs,WU1yyRCqv1t1j74uc63RIA,Oishii Hot Dog,€,42,4.0,+493033859394,3546.099353201883,52.54627,13.41401,10437,Schönhauser Allee 65
286,hotdogs,Fast Food,WU1yyRCqv1t1j74uc63RIA,Oishii Hot Dog,€,42,4.0,+493033859394,3546.099353201883,52.54627,13.41401,10437,Schönhauser Allee 65
287,cafes,Cafes,jZQRhVs-_gFmvyxaRBfMdg,Lina Bistro & Café,€€,7,4.5,+49302849841970,242.26977625966597,52.522927,13.37866,10117,Charitéstr.  3
288,lounges,Lounges,orKnWqdFr-Y-jnTw285YHw,Mein Haus am See,€€,161,4.0,+493023883561,1798.385419739355,52.5300561877761,13.4007587070716,10119,Brunnenstr. 197 - 198
289,cafes,Cafes,orKnWqdFr-Y-jnTw285YHw,Mein Haus am See,€€,161,4.0,+493023883561,1798.385419739355,52.5300561877761,13.4007587070716,10119,Brunnenstr. 197 - 198
290,italian,Italian,v2Bj0O983oqXWloPVgej-A,Ristorante a Mano,€€,59,4.5,+493095598243,3541.4528829891124,52.519343265958,13.4275348786102,10243,Strausberger Platz 2
291,japanese,Japanese,1CUzACE0UUo5J0BUtmvS0w,Shiori,€€€€,12,5.0,+493024337766,2181.8526206304014,52.52551,13.40816,10119,Max-Beer-Str. 13
292,cafes,Cafes,A81EKm7ru1nGbxXstEYBhA,MARS,€,6,4.5,+493046061205,2503.6561222135824,52.5461522170179,13.3663061656067,13347,Gerichtstr. 35
293,modern_european,Modern European,9jQV2Mln8hGWaot9Tj2_Dg,heimlichTreu,€€€,9,4.5,+493048494599,2012.1869744954367,52.53548401087,13.3993655938832,10115,Anklamer Str. 38
294,panasian,Pan Asian,BhLXGATkWad1fdFvyc108g,Gia-Han,€,17,4.5,+493047010120,2036.3347275629906,52.5423757721864,13.3701165765524,13347,Reinickendorfer Str. 13
295,sushi,Sushi Bars,BhLXGATkWad1fdFvyc108g,Gia-Han,€,17,4.5,+493047010120,2036.3347275629906,52.5423757721864,13.3701165765524,13347,Reinickendorfer Str. 13
296,mediterranean,Mediterranean,ll8iSQnqNmhDZ0jtJbdUYQ,Merhaba,€€,37,4.5,+493048827940,3367.2283684654208,52.5288,13.4251,10405,Greifswalderstr. 4
297,oriental,Oriental,ll8iSQnqNmhDZ0jtJbdUYQ,Merhaba,€€,37,4.5,+493048827940,3367.2283684654208,52.5288,13.4251,10405,Greifswalderstr. 4
298,italian,Italian,sEIp8JdCDhEWgisvh168Qg,Osteria bei Pino,€€,61,4.5,+49304657179,2435.7157442095686,52.5441397,13.3602497,13353,Willdenowstr. 12
299,hotdog,Hot Dogs,WU1yyRCqv1t1j74uc63RIA,Oishii Hot Dog,€,42,4.0,+493033859394,3546.099353201883,52.54627,13.41401,10437,Schönhauser Allee 65
300,hotdogs,Fast Food,WU1yyRCqv1t1j74uc63RIA,Oishii Hot Dog,€,42,4.0,+493033859394,3546.099353201883,52.54627,13.41401,10437,Schönhauser Allee 65
301,cafes,Cafes,jZQRhVs-_gFmvyxaRBfMdg,Lina Bistro & Café,€€,7,4.5,+49302849841970,242.26977625966597,52.522927,13.37866,10117,Charitéstr.  3
302,lounges,Lounges,orKnWqdFr-Y-jnTw285YHw,Mein Haus am See,€€,161,4.0,+493023883561,1798.385419739355,52.5300561877761,13.4007587070716,10119,Brunnenstr. 197 - 198
303,cafes,Cafes,orKnWqdFr-Y-jnTw285YHw,Mein Haus am See,€€,161,4.0,+493023883561,1798.385419739355,52.5300561877761,13.4007587070716,10119,Brunnenstr. 197 - 198
304,italian,Italian,v2Bj0O983oqXWloPVgej-A,Ristorante a Mano,€€,59,4.5,+493095598243,3541.4528829891124,52.519343265958,13.4275348786102,10243,Strausberger Platz 2
305,japanese,Japanese,1CUzACE0UUo5J0BUtmvS0w,Shiori,€€€€,12,5.0,+493024337766,2181.8526206304014,52.52551,13.40816,10119,Max-Beer-Str. 13
306,cafes,Cafes,A81EKm7ru1nGbxXstEYBhA,MARS,€,6,4.5,+493046061205,2503.6561222135824,52.5461522170179,13.3663061656067,13347,Gerichtstr. 35
307,modern_european,Modern European,9jQV2Mln8hGWaot9Tj2_Dg,heimlichTreu,€€€,9,4.5,+493048494599,2012.1869744954367,52.53548401087,13.3993655938832,10115,Anklamer Str. 38
308,bbq,Barbeque,HFajim9qjlb3vSqnpR96FQ,Rotisserie Weingrün,€€€,108,4.5,+493020621900,2275.7622003219517,52.5126768,13.4034261,10178,Gertraudenstr. 10 - 12
309,german,German,HFajim9qjlb3vSqnpR96FQ,Rotisserie Weingrün,€€€,108,4.5,+493020621900,2275.7622003219517,52.5126768,13.4034261,10178,Gertraudenstr. 10 - 12
310,korean,Korean,vVYzxfNyR3ztpyVgBfwXYQ,Feel Seoul Good,,13,4.5,,3148.5699223408533,52.53696,13.41759,10435,Husemannstr. 2
311,social_clubs,Social Clubs,K_Jt2s8HZ3k-V6zmAJ3U4A,Berlin Capital Club,,16,5.0,+49302062976,1802.1501941974766,52.511899,13.392809,10117,Mohrenstr. 30
312,lounges,Lounges,K_Jt2s8HZ3k-V6zmAJ3U4A,Berlin Capital Club,,16,5.0,+49302062976,1802.1501941974766,52.511899,13.392809,10117,Mohrenstr. 30
313,german,German,K_Jt2s8HZ3k-V6zmAJ3U4A,Berlin Capital Club,,16,5.0,+49302062976,1802.1501941974766,52.511899,13.392809,10117,Mohrenstr. 30
314,vietnamese,Vietnamese,a59ZKUIecHuvsQC5qmfQBw,Minh San,,4,4.5,+493024020891,283.72101743393796,52.52257,13.37883,10117,Reinhardtstr. 44
315,modern_european,Modern European,AwVHXN3HFwTSNksuiSdbsw,GOLVET,€€€€,6,4.5,+493089064222,2180.238536685797,52.5054693,13.3674524,10785,Potsdamer Str. 58
316,korean,Korean,qL4HXzMlxztyGaKHkvFtVQ,CHIBEE,€,10,4.0,+493022326105,2458.5310764231854,52.542915,13.356136,13353,Tegeler Str. 29 a
317,panasian,Pan Asian,jHexJKIMOZ4B0v_Ae1OJxw,Jolly,€€,81,4.0,+493020059500,1328.2168899700594,52.52048,13.3944,10117,Kupfergraben 4/4A
318,chinese,Chinese,jHexJKIMOZ4B0v_Ae1OJxw,Jolly,€€,81,4.0,+493020059500,1328.2168899700594,52.52048,13.3944,10117,Kupfergraben 4/4A
319,cafes,Cafes,lJKw5wOAzn2oAdDcK0hJqQ,Café Krone,€€,95,4.5,+493035125772,2656.5711872602355,52.53971,13.40611,10435,Oderberger Str. 38
320,breakfast_brunch,Breakfast & Brunch,lJKw5wOAzn2oAdDcK0hJqQ,Café Krone,€€,95,4.5,+493035125772,2656.5711872602355,52.53971,13.40611,10435,Oderberger Str. 38
321,sandwiches,Sandwiches,lJKw5wOAzn2oAdDcK0hJqQ,Café Krone,€€,95,4.5,+493035125772,2656.5711872602355,52.53971,13.40611,10435,Oderberger Str. 38
322,indpak,Indian,RdronlrBgpaHIA5VHhbJ8g,Indian Village,,5,5.0,+493025765414,2761.447380140936,52.518159,13.41536,10178,Dircksenstr. 94
323,german,German,sEsT-fXXmvnmxKOmrjBxsA,Käfer,€€€,111,4.0,+49302262990,643.3611550871891,52.518619,13.37631,11011,Platz der Republik 1
324,breakfast_brunch,Breakfast & Brunch,sEsT-fXXmvnmxKOmrjBxsA,Käfer,€€€,111,4.0,+49302262990,643.3611550871891,52.518619,13.37631,11011,Platz der Republik 1
